recording_id,file_path,file_name,sensor_id,sensor_type,sensor_location,sampling_rate,total_samples,duration_seconds,topology_code,topology,leak_type_code,leak_type,leak_status,leak_location,noise_condition,flow_condition_code,flow_condition,experiment_id
REC_0001,Dataset of Leak Simulations in Experimental Testbed Water Network/Accelerometer/Branched/Circumferential Crack/BR_CC_0.18 LPS_A1.csv,BR_CC_0.18 LPS_A1.csv,A1,Accelerometer,Tee Connection 1 Valve Branch (Upstream Branch),25600,923488,36.0737,BR,Branched,CC,Circumferential Crack,1,Middle Pipe,N,0.18 LPS,0.18 L/s Steady Demand,BR_CC_0.18 LPS_N
REC_0002,Dataset of Leak Simulations in Experimental Testbed Water Network/Accelerometer/Branched/Circumferential Crack/BR_CC_0.18 LPS_A2.csv,BR_CC_0.18 LPS_A2.csv,A2,Accelerometer,Tee Connection 2 Hydrant 2 Branch (Downstream Branch),25600,917996,35.8592,BR,Branched,CC,Circumferential Crack,1,Middle Pipe,N,0.18 LPS,0.18 L/s Steady Demand,BR_CC_0.18 LPS_N
REC_0003,Dataset of Leak Simulations in Experimental Testbed Water Network/Accelerometer/Branched/Circumferential Crack/BR_CC_0.47 LPS_A1.csv,BR_CC_0.47 LPS_A1.csv,A1,Accelerometer,Tee Connection 1 Valve Branch (Upstream Branch),25600,896801,35.0312,BR,Branched,CC,Circumferential Crack,1,Middle Pipe,N,0.47 LPS,0.47 L/s Steady Demand,BR_CC_0.47 LPS_N
REC_0004,Dataset of Leak Simulations in Experimental Testbed Water Network/Accelerometer/Branched/Circumferential Crack/BR_CC_0.47 LPS_A2.csv,BR_CC_0.47 LPS_A2.csv,A2,Accelerometer,Tee Connection 2 Hydrant 2 Branch (Downstream Branch),25600,918966,35.8971,BR,Branched,CC,Circumferential Crack,1,Middle Pipe,N,0.47 LPS,0.47 L/s Steady Demand,BR_CC_0.47 LPS_N
REC_0005,Dataset of Leak Simulations in Experimental Testbed Water Network/Accelerometer/Branched/Circumferential Crack/BR_CC_ND_A1.csv,BR_CC_ND_A1.csv,A1,Accelerometer,Tee Connection 1 Valve Branch (Upstream Branch),25600,933603,36.4688,BR,Branched,CC,Circumferential Crack,1,Middle Pipe,N,ND,0 L/s No Demand,BR_CC_ND_N
REC_0006,Dataset of Leak Simulations in Experimental Testbed Water Network/Accelerometer/Branched/Circumferential Crack/BR_CC_ND_A2.csv,BR_CC_ND_A2.csv,A2,Accelerometer,Tee Connection 2 Hydrant 2 Branch (Downstream Branch),25600,940956,36.7561,BR,Branched,CC,Circumferential Crack,1,Middle Pipe,N,ND,0 L/s No Demand,BR_CC_ND_N
REC_0007,Dataset of Leak Simulations in Experimental Testbed Water Network/Accelerometer/Branched/Circumferential Crack/BR_CC_Transient_A1.csv,BR_CC_Transient_A1.csv,A1,Accelerometer,Tee Connection 1 Valve Branch (Upstream Branch),25600,929361,36.3031,BR,Branched,CC,Circumferential Crack,1,Middle Pipe,N,Transient,Transient Flow (0.47 L/s to 0 L/s at t=20s),BR_CC_Transient_N
REC_0008,Dataset of Leak Simulations in Experimental Testbed Water Network/Accelerometer/Branched/Circumferential Crack/BR_CC_Transient_A2.csv,BR_CC_Transient_A2.csv,A2,Accelerometer,Tee Connection 2 Hydrant 2 Branch (Downstream Branch),25600,936567,36.5846,BR,Branched,CC,Circumferential Crack,1,Middle Pipe,N,Transient,Transient Flow (0.47 L/s to 0 L/s at t=20s),BR_CC_Transient_N
REC_0009,Dataset of Leak Simulations in Experimental Testbed Water Network/Accelerometer/Branched/Gasket Leak/BR_GL_0.18 LPS_A1.csv,BR_GL_0.18 LPS_A1.csv,A1,Accelerometer,Tee Connection 1 Valve Branch (Upstream Branch),25600,920697,35.9647,BR,Branched,GL,Gasket Leak,1,Middle Pipe,N,0.18 LPS,0.18 L/s Steady Demand,BR_GL_0.18 LPS_N
REC_0010,Dataset of Leak Simulations in Experimental Testbed Water Network/Accelerometer/Branched/Gasket Leak/BR_GL_0.18 LPS_A2.csv,BR_GL_0.18 LPS_A2.csv,A2,Accelerometer,Tee Connection 2 Hydrant 2 Branch (Downstream Branch),25600,920954,35.9747,BR,Branched,GL,Gasket Leak,1,Middle Pipe,N,0.18 LPS,0.18 L/s Steady Demand,BR_GL_0.18 LPS_N
REC_0011,Dataset of Leak Simulations in Experimental Testbed Water Network/Accelerometer/Branched/Gasket Leak/BR_GL_0.47 LPS_A1.csv,BR_GL_0.47 LPS_A1.csv,A1,Accelerometer,Tee Connection 1 Valve Branch (Upstream Branch),25600,924328,36.1065,BR,Branched,GL,Gasket Leak,1,Middle Pipe,N,0.47 LPS,0.47 L/s Steady Demand,BR_GL_0.47 LPS_N
REC_0012,Dataset of Leak Simulations in Experimental Testbed Water Network/Accelerometer/Branched/Gasket Leak/BR_GL_0.47 LPS_A2.csv,BR_GL_0.47 LPS_A2.csv,A2,Accelerometer,Tee Connection 2 Hydrant 2 Branch (Downstream Branch),25600,935084,36.5267,BR,Branched,GL,Gasket Leak,1,Middle Pipe,N,0.47 LPS,0.47 L/s Steady Demand,BR_GL_0.47 LPS_N
REC_0013,Dataset of Leak Simulations in Experimental Testbed Water Network/Accelerometer/Branched/Gasket Leak/BR_GL_ND_A1.csv,BR_GL_ND_A1.csv,A1,Accelerometer,Tee Connection 1 Valve Branch (Upstream Branch),25600,924180,36.1007,BR,Branched,GL,Gasket Leak,1,Middle Pipe,N,ND,0 L/s No Demand,BR_GL_ND_N
REC_0014,Dataset of Leak Simulations in Experimental Testbed Water Network/Accelerometer/Branched/Gasket Leak/BR_GL_ND_A2.csv,BR_GL_ND_A2.csv,A2,Accelerometer,Tee Connection 2 Hydrant 2 Branch (Downstream Branch),25600,926676,36.1982,BR,Branched,GL,Gasket Leak,1,Middle Pipe,N,ND,0 L/s No Demand,BR_GL_ND_N
REC_0015,Dataset of Leak Simulations in Experimental Testbed Water Network/Accelerometer/Branched/Gasket Leak/BR_GL_Transient_A1.csv,BR_GL_Transient_A1.csv,A1,Accelerometer,Tee Connection 1 Valve Branch (Upstream Branch),25600,928290,36.2613,BR,Branched,GL,Gasket Leak,1,Middle Pipe,N,Transient,Transient Flow (0.47 L/s to 0 L/s at t=20s),BR_GL_Transient_N
REC_0016,Dataset of Leak Simulations in Experimental Testbed Water Network/Accelerometer/Branched/Gasket Leak/BR_GL_Transient_A2.csv,BR_GL_Transient_A2.csv,A2,Accelerometer,Tee Connection 2 Hydrant 2 Branch (Downstream Branch),25600,901411,35.2113,BR,Branched,GL,Gasket Leak,1,Middle Pipe,N,Transient,Transient Flow (0.47 L/s to 0 L/s at t=20s),BR_GL_Transient_N
REC_0017,Dataset of Leak Simulations in Experimental Testbed Water Network/Accelerometer/Branched/Longitudinal Crack/BR_LC_0.18 LPS_A1.csv,BR_LC_0.18 LPS_A1.csv,A1,Accelerometer,Tee Connection 1 Valve Branch (Upstream Branch),25600,923799,36.0859,BR,Branched,LC,Longitudinal Crack,1,Middle Pipe,N,0.18 LPS,0.18 L/s Steady Demand,BR_LC_0.18 LPS_N
REC_0018,Dataset of Leak Simulations in Experimental Testbed Water Network/Accelerometer/Branched/Longitudinal Crack/BR_LC_0.18 LPS_A2.csv,BR_LC_0.18 LPS_A2.csv,A2,Accelerometer,Tee Connection 2 Hydrant 2 Branch (Downstream Branch),25600,869713,33.9731,BR,Branched,LC,Longitudinal Crack,1,Middle Pipe,N,0.18 LPS,0.18 L/s Steady Demand,BR_LC_0.18 LPS_N
REC_0019,Dataset of Leak Simulations in Experimental Testbed Water Network/Accelerometer/Branched/Longitudinal Crack/BR_LC_0.47 LPS_A1.csv,BR_LC_0.47 LPS_A1.csv,A1,Accelerometer,Tee Connection 1 Valve Branch (Upstream Branch),25600,931783,36.3977,BR,Branched,LC,Longitudinal Crack,1,Middle Pipe,N,0.47 LPS,0.47 L/s Steady Demand,BR_LC_0.47 LPS_N
REC_0020,Dataset of Leak Simulations in Experimental Testbed Water Network/Accelerometer/Branched/Longitudinal Crack/BR_LC_0.47 LPS_A2.csv,BR_LC_0.47 LPS_A2.csv,A2,Accelerometer,Tee Connection 2 Hydrant 2 Branch (Downstream Branch),25600,942458,36.8147,BR,Branched,LC,Longitudinal Crack,1,Middle Pipe,N,0.47 LPS,0.47 L/s Steady Demand,BR_LC_0.47 LPS_N
REC_0021,Dataset of Leak Simulations in Experimental Testbed Water Network/Accelerometer/Branched/Longitudinal Crack/BR_LC_ND_A1.csv,BR_LC_ND_A1.csv,A1,Accelerometer,Tee Connection 1 Valve Branch (Upstream Branch),25600,926490,36.191,BR,Branched,LC,Longitudinal Crack,1,Middle Pipe,N,ND,0 L/s No Demand,BR_LC_ND_N
REC_0022,Dataset of Leak Simulations in Experimental Testbed Water Network/Accelerometer/Branched/Longitudinal Crack/BR_LC_ND_A2.csv,BR_LC_ND_A2.csv,A2,Accelerometer,Tee Connection 2 Hydrant 2 Branch (Downstream Branch),25600,950931,37.1457,BR,Branched,LC,Longitudinal Crack,1,Middle Pipe,N,ND,0 L/s No Demand,BR_LC_ND_N
REC_0023,Dataset of Leak Simulations in Experimental Testbed Water Network/Accelerometer/Branched/Longitudinal Crack/BR_LC_Transient_A1.csv,BR_LC_Transient_A1.csv,A1,Accelerometer,Tee Connection 1 Valve Branch (Upstream Branch),25600,1048572,40.9598,BR,Branched,LC,Longitudinal Crack,1,Middle Pipe,N,Transient,Transient Flow (0.47 L/s to 0 L/s at t=20s),BR_LC_Transient_N
REC_0024,Dataset of Leak Simulations in Experimental Testbed Water Network/Accelerometer/Branched/Longitudinal Crack/BR_LC_Transient_A2.csv,BR_LC_Transient_A2.csv,A2,Accelerometer,Tee Connection 2 Hydrant 2 Branch (Downstream Branch),25600,940210,36.7269,BR,Branched,LC,Longitudinal Crack,1,Middle Pipe,N,Transient,Transient Flow (0.47 L/s to 0 L/s at t=20s),BR_LC_Transient_N
REC_0025,Dataset of Leak Simulations in Experimental Testbed Water Network/Accelerometer/Branched/No-leak/BR_NL_0.18 LPS_A1.csv,BR_NL_0.18 LPS_A1.csv,A1,Accelerometer,Tee Connection 1 Valve Branch (Upstream Branch),25600,921800,36.0078,BR,Branched,NL,No-leak,0,None,N,0.18 LPS,0.18 L/s Steady Demand,BR_NL_0.18 LPS_N
REC_0026,Dataset of Leak Simulations in Experimental Testbed Water Network/Accelerometer/Branched/No-leak/BR_NL_0.18 LPS_A2.csv,BR_NL_0.18 LPS_A2.csv,A2,Accelerometer,Tee Connection 2 Hydrant 2 Branch (Downstream Branch),25600,921831,36.009,BR,Branched,NL,No-leak,0,None,N,0.18 LPS,0.18 L/s Steady Demand,BR_NL_0.18 LPS_N
REC_0027,Dataset of Leak Simulations in Experimental Testbed Water Network/Accelerometer/Branched/No-leak/BR_NL_0.47 LPS_A1.csv,BR_NL_0.47 LPS_A1.csv,A1,Accelerometer,Tee Connection 1 Valve Branch (Upstream Branch),25600,917505,35.84,BR,Branched,NL,No-leak,0,None,N,0.47 LPS,0.47 L/s Steady Demand,BR_NL_0.47 LPS_N
REC_0028,Dataset of Leak Simulations in Experimental Testbed Water Network/Accelerometer/Branched/No-leak/BR_NL_0.47 LPS_A2.csv,BR_NL_0.47 LPS_A2.csv,A2,Accelerometer,Tee Connection 2 Hydrant 2 Branch (Downstream Branch),25600,927266,36.2213,BR,Branched,NL,No-leak,0,None,N,0.47 LPS,0.47 L/s Steady Demand,BR_NL_0.47 LPS_N
REC_0029,Dataset of Leak Simulations in Experimental Testbed Water Network/Accelerometer/Branched/No-leak/BR_NL_ND_A1.csv,BR_NL_ND_A1.csv,A1,Accelerometer,Tee Connection 1 Valve Branch (Upstream Branch),25600,924709,36.1214,BR,Branched,NL,No-leak,0,None,N,ND,0 L/s No Demand,BR_NL_ND_N
REC_0030,Dataset of Leak Simulations in Experimental Testbed Water Network/Accelerometer/Branched/No-leak/BR_NL_ND_A2.csv,BR_NL_ND_A2.csv,A2,Accelerometer,Tee Connection 2 Hydrant 2 Branch (Downstream Branch),25600,918980,35.8976,BR,Branched,NL,No-leak,0,None,N,ND,0 L/s No Demand,BR_NL_ND_N
REC_0031,Dataset of Leak Simulations in Experimental Testbed Water Network/Accelerometer/Branched/No-leak/BR_NL_Transient_A1.csv,BR_NL_Transient_A1.csv,A1,Accelerometer,Tee Connection 1 Valve Branch (Upstream Branch),25600,936598,36.5858,BR,Branched,NL,No-leak,0,None,N,Transient,Transient Flow (0.47 L/s to 0 L/s at t=20s),BR_NL_Transient_N
REC_0032,Dataset of Leak Simulations in Experimental Testbed Water Network/Accelerometer/Branched/No-leak/BR_NL_Transient_A2.csv,BR_NL_Transient_A2.csv,A2,Accelerometer,Tee Connection 2 Hydrant 2 Branch (Downstream Branch),25600,937073,36.6044,BR,Branched,NL,No-leak,0,None,N,Transient,Transient Flow (0.47 L/s to 0 L/s at t=20s),BR_NL_Transient_N
REC_0033,Dataset of Leak Simulations in Experimental Testbed Water Network/Accelerometer/Branched/Orifice Leak/BR_OL_0.18 LPS_A1.csv,BR_OL_0.18 LPS_A1.csv,A1,Accelerometer,Tee Connection 1 Valve Branch (Upstream Branch),25600,918931,35.8957,BR,Branched,OL,Orifice Leak,1,Middle Pipe,N,0.18 LPS,0.18 L/s Steady Demand,BR_OL_0.18 LPS_N
REC_0034,Dataset of Leak Simulations in Experimental Testbed Water Network/Accelerometer/Branched/Orifice Leak/BR_OL_0.18 LPS_A2.csv,BR_OL_0.18 LPS_A2.csv,A2,Accelerometer,Tee Connection 2 Hydrant 2 Branch (Downstream Branch),25600,924200,36.1015,BR,Branched,OL,Orifice Leak,1,Middle Pipe,N,0.18 LPS,0.18 L/s Steady Demand,BR_OL_0.18 LPS_N
REC_0035,Dataset of Leak Simulations in Experimental Testbed Water Network/Accelerometer/Branched/Orifice Leak/BR_OL_0.47 LPS_A1.csv,BR_OL_0.47 LPS_A1.csv,A1,Accelerometer,Tee Connection 1 Valve Branch (Upstream Branch),25600,917447,35.8377,BR,Branched,OL,Orifice Leak,1,Middle Pipe,N,0.47 LPS,0.47 L/s Steady Demand,BR_OL_0.47 LPS_N
REC_0036,Dataset of Leak Simulations in Experimental Testbed Water Network/Accelerometer/Branched/Orifice Leak/BR_OL_0.47 LPS_A2.csv,BR_OL_0.47 LPS_A2.csv,A2,Accelerometer,Tee Connection 2 Hydrant 2 Branch (Downstream Branch),25600,927602,36.2344,BR,Branched,OL,Orifice Leak,1,Middle Pipe,N,0.47 LPS,0.47 L/s Steady Demand,BR_OL_0.47 LPS_N
REC_0037,Dataset of Leak Simulations in Experimental Testbed Water Network/Accelerometer/Branched/Orifice Leak/BR_OL_ND_A1.csv,BR_OL_ND_A1.csv,A1,Accelerometer,Tee Connection 1 Valve Branch (Upstream Branch),25600,933328,36.4581,BR,Branched,OL,Orifice Leak,1,Middle Pipe,N,ND,0 L/s No Demand,BR_OL_ND_N
REC_0038,Dataset of Leak Simulations in Experimental Testbed Water Network/Accelerometer/Branched/Orifice Leak/BR_OL_ND_A2.csv,BR_OL_ND_A2.csv,A2,Accelerometer,Tee Connection 2 Hydrant 2 Branch (Downstream Branch),25600,920034,35.9388,BR,Branched,OL,Orifice Leak,1,Middle Pipe,N,ND,0 L/s No Demand,BR_OL_ND_N
REC_0039,Dataset of Leak Simulations in Experimental Testbed Water Network/Accelerometer/Branched/Orifice Leak/BR_OL_Transient_A1.csv,BR_OL_Transient_A1.csv,A1,Accelerometer,Tee Connection 1 Valve Branch (Upstream Branch),25600,960272,37.5106,BR,Branched,OL,Orifice Leak,1,Middle Pipe,N,Transient,Transient Flow (0.47 L/s to 0 L/s at t=20s),BR_OL_Transient_N
REC_0040,Dataset of Leak Simulations in Experimental Testbed Water Network/Accelerometer/Branched/Orifice Leak/BR_OL_Transient_A2.csv,BR_OL_Transient_A2.csv,A2,Accelerometer,Tee Connection 2 Hydrant 2 Branch (Downstream Branch),25600,960684,37.5267,BR,Branched,OL,Orifice Leak,1,Middle Pipe,N,Transient,Transient Flow (0.47 L/s to 0 L/s at t=20s),BR_OL_Transient_N
REC_0041,Dataset of Leak Simulations in Experimental Testbed Water Network/Accelerometer/Looped/Circumferential Crack/LO_CC_0.18 LPS_A1.csv,LO_CC_0.18 LPS_A1.csv,A1,Accelerometer,Tee Connection 1 Valve Branch (Upstream Branch),25600,922397,36.0311,LO,Looped,CC,Circumferential Crack,1,Middle Pipe,N,0.18 LPS,0.18 L/s Steady Demand,LO_CC_0.18 LPS_N
REC_0042,Dataset of Leak Simulations in Experimental Testbed Water Network/Accelerometer/Looped/Circumferential Crack/LO_CC_0.18 LPS_A2.csv,LO_CC_0.18 LPS_A2.csv,A2,Accelerometer,Tee Connection 2 Hydrant 2 Branch (Downstream Branch),25600,933164,36.4517,LO,Looped,CC,Circumferential Crack,1,Middle Pipe,N,0.18 LPS,0.18 L/s Steady Demand,LO_CC_0.18 LPS_N
REC_0043,Dataset of Leak Simulations in Experimental Testbed Water Network/Accelerometer/Looped/Circumferential Crack/LO_CC_0.47 LPS_A1.csv,LO_CC_0.47 LPS_A1.csv,A1,Accelerometer,Tee Connection 1 Valve Branch (Upstream Branch),25600,918870,35.8933,LO,Looped,CC,Circumferential Crack,1,Middle Pipe,N,0.47 LPS,0.47 L/s Steady Demand,LO_CC_0.47 LPS_N
REC_0044,Dataset of Leak Simulations in Experimental Testbed Water Network/Accelerometer/Looped/Circumferential Crack/LO_CC_0.47 LPS_A2.csv,LO_CC_0.47 LPS_A2.csv,A2,Accelerometer,Tee Connection 2 Hydrant 2 Branch (Downstream Branch),25600,921618,36.0007,LO,Looped,CC,Circumferential Crack,1,Middle Pipe,N,0.47 LPS,0.47 L/s Steady Demand,LO_CC_0.47 LPS_N
REC_0045,Dataset of Leak Simulations in Experimental Testbed Water Network/Accelerometer/Looped/Circumferential Crack/LO_CC_ND_A1.csv,LO_CC_ND_A1.csv,A1,Accelerometer,Tee Connection 1 Valve Branch (Upstream Branch),25600,914807,35.7346,LO,Looped,CC,Circumferential Crack,1,Middle Pipe,N,ND,0 L/s No Demand,LO_CC_ND_N
REC_0046,Dataset of Leak Simulations in Experimental Testbed Water Network/Accelerometer/Looped/Circumferential Crack/LO_CC_ND_A2.csv,LO_CC_ND_A2.csv,A2,Accelerometer,Tee Connection 2 Hydrant 2 Branch (Downstream Branch),25600,916218,35.7897,LO,Looped,CC,Circumferential Crack,1,Middle Pipe,N,ND,0 L/s No Demand,LO_CC_ND_N
REC_0047,Dataset of Leak Simulations in Experimental Testbed Water Network/Accelerometer/Looped/Circumferential Crack/LO_CC_Transient_A1.csv,LO_CC_Transient_A1.csv,A1,Accelerometer,Tee Connection 1 Valve Branch (Upstream Branch),25600,916232,35.7903,LO,Looped,CC,Circumferential Crack,1,Middle Pipe,N,Transient,Transient Flow (0.47 L/s to 0 L/s at t=20s),LO_CC_Transient_N
REC_0048,Dataset of Leak Simulations in Experimental Testbed Water Network/Accelerometer/Looped/Circumferential Crack/LO_CC_Transient_A2.csv,LO_CC_Transient_A2.csv,A2,Accelerometer,Tee Connection 2 Hydrant 2 Branch (Downstream Branch),25600,995187,38.8745,LO,Looped,CC,Circumferential Crack,1,Middle Pipe,N,Transient,Transient Flow (0.47 L/s to 0 L/s at t=20s),LO_CC_Transient_N
REC_0049,Dataset of Leak Simulations in Experimental Testbed Water Network/Accelerometer/Looped/Gasket Leak/LO_GL_0.18 LPS_A1.csv,LO_GL_0.18 LPS_A1.csv,A1,Accelerometer,Tee Connection 1 Valve Branch (Upstream Branch),25600,920778,35.9679,LO,Looped,GL,Gasket Leak,1,Middle Pipe,N,0.18 LPS,0.18 L/s Steady Demand,LO_GL_0.18 LPS_N
REC_0050,Dataset of Leak Simulations in Experimental Testbed Water Network/Accelerometer/Looped/Gasket Leak/LO_GL_0.18 LPS_A2.csv,LO_GL_0.18 LPS_A2.csv,A2,Accelerometer,Tee Connection 2 Hydrant 2 Branch (Downstream Branch),25600,921424,35.9931,LO,Looped,GL,Gasket Leak,1,Middle Pipe,N,0.18 LPS,0.18 L/s Steady Demand,LO_GL_0.18 LPS_N
REC_0051,Dataset of Leak Simulations in Experimental Testbed Water Network/Accelerometer/Looped/Gasket Leak/LO_GL_0.47 LPS_A1.csv,LO_GL_0.47 LPS_A1.csv,A1,Accelerometer,Tee Connection 1 Valve Branch (Upstream Branch),25600,952151,37.1934,LO,Looped,GL,Gasket Leak,1,Middle Pipe,N,0.47 LPS,0.47 L/s Steady Demand,LO_GL_0.47 LPS_N
REC_0052,Dataset of Leak Simulations in Experimental Testbed Water Network/Accelerometer/Looped/Gasket Leak/LO_GL_0.47 LPS_A2.csv,LO_GL_0.47 LPS_A2.csv,A2,Accelerometer,Tee Connection 2 Hydrant 2 Branch (Downstream Branch),25600,941089,36.7612,LO,Looped,GL,Gasket Leak,1,Middle Pipe,N,0.47 LPS,0.47 L/s Steady Demand,LO_GL_0.47 LPS_N
REC_0053,Dataset of Leak Simulations in Experimental Testbed Water Network/Accelerometer/Looped/Gasket Leak/LO_GL_ND_A1.csv,LO_GL_ND_A1.csv,A1,Accelerometer,Tee Connection 1 Valve Branch (Upstream Branch),25600,925953,36.17,LO,Looped,GL,Gasket Leak,1,Middle Pipe,N,ND,0 L/s No Demand,LO_GL_ND_N
REC_0054,Dataset of Leak Simulations in Experimental Testbed Water Network/Accelerometer/Looped/Gasket Leak/LO_GL_ND_A2.csv,LO_GL_ND_A2.csv,A2,Accelerometer,Tee Connection 2 Hydrant 2 Branch (Downstream Branch),25600,923567,36.0768,LO,Looped,GL,Gasket Leak,1,Middle Pipe,N,ND,0 L/s No Demand,LO_GL_ND_N
REC_0055,Dataset of Leak Simulations in Experimental Testbed Water Network/Accelerometer/Looped/Gasket Leak/LO_GL_Transient_A1.csv,LO_GL_Transient_A1.csv,A1,Accelerometer,Tee Connection 1 Valve Branch (Upstream Branch),25600,943403,36.8516,LO,Looped,GL,Gasket Leak,1,Middle Pipe,N,Transient,Transient Flow (0.47 L/s to 0 L/s at t=20s),LO_GL_Transient_N
REC_0056,Dataset of Leak Simulations in Experimental Testbed Water Network/Accelerometer/Looped/Gasket Leak/LO_GL_Transient_A2.csv,LO_GL_Transient_A2.csv,A2,Accelerometer,Tee Connection 2 Hydrant 2 Branch (Downstream Branch),25600,921303,35.9884,LO,Looped,GL,Gasket Leak,1,Middle Pipe,N,Transient,Transient Flow (0.47 L/s to 0 L/s at t=20s),LO_GL_Transient_N
REC_0057,Dataset of Leak Simulations in Experimental Testbed Water Network/Accelerometer/Looped/Longitudinal Crack/LO_LC_0.18 LPS_A1.csv,LO_LC_0.18 LPS_A1.csv,A1,Accelerometer,Tee Connection 1 Valve Branch (Upstream Branch),25600,926046,36.1736,LO,Looped,LC,Longitudinal Crack,1,Middle Pipe,N,0.18 LPS,0.18 L/s Steady Demand,LO_LC_0.18 LPS_N
REC_0058,Dataset of Leak Simulations in Experimental Testbed Water Network/Accelerometer/Looped/Longitudinal Crack/LO_LC_0.18 LPS_A2.csv,LO_LC_0.18 LPS_A2.csv,A2,Accelerometer,Tee Connection 2 Hydrant 2 Branch (Downstream Branch),25600,917199,35.828,LO,Looped,LC,Longitudinal Crack,1,Middle Pipe,N,0.18 LPS,0.18 L/s Steady Demand,LO_LC_0.18 LPS_N
REC_0059,Dataset of Leak Simulations in Experimental Testbed Water Network/Accelerometer/Looped/Longitudinal Crack/LO_LC_0.47 LPS_A1.csv,LO_LC_0.47 LPS_A1.csv,A1,Accelerometer,Tee Connection 1 Valve Branch (Upstream Branch),25600,920556,35.9592,LO,Looped,LC,Longitudinal Crack,1,Middle Pipe,N,0.47 LPS,0.47 L/s Steady Demand,LO_LC_0.47 LPS_N
REC_0060,Dataset of Leak Simulations in Experimental Testbed Water Network/Accelerometer/Looped/Longitudinal Crack/LO_LC_0.47 LPS_A2.csv,LO_LC_0.47 LPS_A2.csv,A2,Accelerometer,Tee Connection 2 Hydrant 2 Branch (Downstream Branch),25600,919468,35.9167,LO,Looped,LC,Longitudinal Crack,1,Middle Pipe,N,0.47 LPS,0.47 L/s Steady Demand,LO_LC_0.47 LPS_N
REC_0061,Dataset of Leak Simulations in Experimental Testbed Water Network/Accelerometer/Looped/Longitudinal Crack/LO_LC_ND_A1.csv,LO_LC_ND_A1.csv,A1,Accelerometer,Tee Connection 1 Valve Branch (Upstream Branch),25600,913627,35.6885,LO,Looped,LC,Longitudinal Crack,1,Middle Pipe,N,ND,0 L/s No Demand,LO_LC_ND_N
REC_0062,Dataset of Leak Simulations in Experimental Testbed Water Network/Accelerometer/Looped/Longitudinal Crack/LO_LC_ND_A2.csv,LO_LC_ND_A2.csv,A2,Accelerometer,Tee Connection 2 Hydrant 2 Branch (Downstream Branch),25600,981048,38.3221,LO,Looped,LC,Longitudinal Crack,1,Middle Pipe,N,ND,0 L/s No Demand,LO_LC_ND_N
REC_0063,Dataset of Leak Simulations in Experimental Testbed Water Network/Accelerometer/Looped/Longitudinal Crack/LO_LC_Transient_A1.csv,LO_LC_Transient_A1.csv,A1,Accelerometer,Tee Connection 1 Valve Branch (Upstream Branch),25600,970314,37.9029,LO,Looped,LC,Longitudinal Crack,1,Middle Pipe,N,Transient,Transient Flow (0.47 L/s to 0 L/s at t=20s),LO_LC_Transient_N
REC_0064,Dataset of Leak Simulations in Experimental Testbed Water Network/Accelerometer/Looped/Longitudinal Crack/LO_LC_Transient_A2.csv,LO_LC_Transient_A2.csv,A2,Accelerometer,Tee Connection 2 Hydrant 2 Branch (Downstream Branch),25600,962167,37.5846,LO,Looped,LC,Longitudinal Crack,1,Middle Pipe,N,Transient,Transient Flow (0.47 L/s to 0 L/s at t=20s),LO_LC_Transient_N
REC_0065,Dataset of Leak Simulations in Experimental Testbed Water Network/Accelerometer/Looped/No-leak/LO_NL_0.18 LPS_A1.csv,LO_NL_0.18 LPS_A1.csv,A1,Accelerometer,Tee Connection 1 Valve Branch (Upstream Branch),25600,915898,35.7772,LO,Looped,NL,No-leak,0,None,N,0.18 LPS,0.18 L/s Steady Demand,LO_NL_0.18 LPS_N
REC_0066,Dataset of Leak Simulations in Experimental Testbed Water Network/Accelerometer/Looped/No-leak/LO_NL_0.18 LPS_A2.csv,LO_NL_0.18 LPS_A2.csv,A2,Accelerometer,Tee Connection 2 Hydrant 2 Branch (Downstream Branch),25600,935650,36.5488,LO,Looped,NL,No-leak,0,None,N,0.18 LPS,0.18 L/s Steady Demand,LO_NL_0.18 LPS_N
REC_0067,Dataset of Leak Simulations in Experimental Testbed Water Network/Accelerometer/Looped/No-leak/LO_NL_0.47 LPS_A1.csv,LO_NL_0.47 LPS_A1.csv,A1,Accelerometer,Tee Connection 1 Valve Branch (Upstream Branch),25600,914784,35.7337,LO,Looped,NL,No-leak,0,None,N,0.47 LPS,0.47 L/s Steady Demand,LO_NL_0.47 LPS_N
REC_0068,Dataset of Leak Simulations in Experimental Testbed Water Network/Accelerometer/Looped/No-leak/LO_NL_0.47 LPS_A2.csv,LO_NL_0.47 LPS_A2.csv,A2,Accelerometer,Tee Connection 2 Hydrant 2 Branch (Downstream Branch),25600,923354,36.0685,LO,Looped,NL,No-leak,0,None,N,0.47 LPS,0.47 L/s Steady Demand,LO_NL_0.47 LPS_N
REC_0069,Dataset of Leak Simulations in Experimental Testbed Water Network/Accelerometer/Looped/No-leak/LO_NL_ND_A1.csv,LO_NL_ND_A1.csv,A1,Accelerometer,Tee Connection 1 Valve Branch (Upstream Branch),25600,915387,35.7573,LO,Looped,NL,No-leak,0,None,N,ND,0 L/s No Demand,LO_NL_ND_N
REC_0070,Dataset of Leak Simulations in Experimental Testbed Water Network/Accelerometer/Looped/No-leak/LO_NL_ND_A2.csv,LO_NL_ND_A2.csv,A2,Accelerometer,Tee Connection 2 Hydrant 2 Branch (Downstream Branch),25600,913566,35.6861,LO,Looped,NL,No-leak,0,None,N,ND,0 L/s No Demand,LO_NL_ND_N
REC_0071,Dataset of Leak Simulations in Experimental Testbed Water Network/Accelerometer/Looped/No-leak/LO_NL_Transient_A1.csv,LO_NL_Transient_A1.csv,A1,Accelerometer,Tee Connection 1 Valve Branch (Upstream Branch),25600,913711,35.6918,LO,Looped,NL,No-leak,0,None,N,Transient,Transient Flow (0.47 L/s to 0 L/s at t=20s),LO_NL_Transient_N
REC_0072,Dataset of Leak Simulations in Experimental Testbed Water Network/Accelerometer/Looped/No-leak/LO_NL_Transient_A2.csv,LO_NL_Transient_A2.csv,A2,Accelerometer,Tee Connection 2 Hydrant 2 Branch (Downstream Branch),25600,900671,35.1824,LO,Looped,NL,No-leak,0,None,N,Transient,Transient Flow (0.47 L/s to 0 L/s at t=20s),LO_NL_Transient_N
REC_0073,Dataset of Leak Simulations in Experimental Testbed Water Network/Accelerometer/Looped/Orifice Leak/LO_OL_0.18 LPS_A1.csv,LO_OL_0.18 LPS_A1.csv,A1,Accelerometer,Tee Connection 1 Valve Branch (Upstream Branch),25600,910673,35.5731,LO,Looped,OL,Orifice Leak,1,Middle Pipe,N,0.18 LPS,0.18 L/s Steady Demand,LO_OL_0.18 LPS_N
REC_0074,Dataset of Leak Simulations in Experimental Testbed Water Network/Accelerometer/Looped/Orifice Leak/LO_OL_0.18 LPS_A2.csv,LO_OL_0.18 LPS_A2.csv,A2,Accelerometer,Tee Connection 2 Hydrant 2 Branch (Downstream Branch),25600,922566,36.0377,LO,Looped,OL,Orifice Leak,1,Middle Pipe,N,0.18 LPS,0.18 L/s Steady Demand,LO_OL_0.18 LPS_N
REC_0075,Dataset of Leak Simulations in Experimental Testbed Water Network/Accelerometer/Looped/Orifice Leak/LO_OL_0.47 LPS_A1.csv,LO_OL_0.47 LPS_A1.csv,A1,Accelerometer,Tee Connection 1 Valve Branch (Upstream Branch),25600,914689,35.73,LO,Looped,OL,Orifice Leak,1,Middle Pipe,N,0.47 LPS,0.47 L/s Steady Demand,LO_OL_0.47 LPS_N
REC_0076,Dataset of Leak Simulations in Experimental Testbed Water Network/Accelerometer/Looped/Orifice Leak/LO_OL_0.47 LPS_A2.csv,LO_OL_0.47 LPS_A2.csv,A2,Accelerometer,Tee Connection 2 Hydrant 2 Branch (Downstream Branch),25600,928984,36.2884,LO,Looped,OL,Orifice Leak,1,Middle Pipe,N,0.47 LPS,0.47 L/s Steady Demand,LO_OL_0.47 LPS_N
REC_0077,Dataset of Leak Simulations in Experimental Testbed Water Network/Accelerometer/Looped/Orifice Leak/LO_OL_ND_A1.csv,LO_OL_ND_A1.csv,A1,Accelerometer,Tee Connection 1 Valve Branch (Upstream Branch),25600,917113,35.8247,LO,Looped,OL,Orifice Leak,1,Middle Pipe,N,ND,0 L/s No Demand,LO_OL_ND_N
REC_0078,Dataset of Leak Simulations in Experimental Testbed Water Network/Accelerometer/Looped/Orifice Leak/LO_OL_ND_A2.csv,LO_OL_ND_A2.csv,A2,Accelerometer,Tee Connection 2 Hydrant 2 Branch (Downstream Branch),25600,919421,35.9148,LO,Looped,OL,Orifice Leak,1,Middle Pipe,N,ND,0 L/s No Demand,LO_OL_ND_N
REC_0079,Dataset of Leak Simulations in Experimental Testbed Water Network/Accelerometer/Looped/Orifice Leak/LO_OL_Transient_A1.csv,LO_OL_Transient_A1.csv,A1,Accelerometer,Tee Connection 1 Valve Branch (Upstream Branch),25600,921833,36.0091,LO,Looped,OL,Orifice Leak,1,Middle Pipe,N,Transient,Transient Flow (0.47 L/s to 0 L/s at t=20s),LO_OL_Transient_N
REC_0080,Dataset of Leak Simulations in Experimental Testbed Water Network/Accelerometer/Looped/Orifice Leak/LO_OL_Transient_A2.csv,LO_OL_Transient_A2.csv,A2,Accelerometer,Tee Connection 2 Hydrant 2 Branch (Downstream Branch),25600,931363,36.3813,LO,Looped,OL,Orifice Leak,1,Middle Pipe,N,Transient,Transient Flow (0.47 L/s to 0 L/s at t=20s),LO_OL_Transient_N
REC_0081,Dataset of Leak Simulations in Experimental Testbed Water Network/Dynamic Pressure Sensor/Branched/Circumferential Crack/BR_CC_0.18 LPS_P1.csv,BR_CC_0.18 LPS_P1.csv,P1,Dynamic Pressure Sensor,Supply Line (Upstream of distribution inlet),25600,943716,36.8639,BR,Branched,CC,Circumferential Crack,1,Middle Pipe,N,0.18 LPS,0.18 L/s Steady Demand,BR_CC_0.18 LPS_N
REC_0082,Dataset of Leak Simulations in Experimental Testbed Water Network/Dynamic Pressure Sensor/Branched/Circumferential Crack/BR_CC_0.18 LPS_P2.csv,BR_CC_0.18 LPS_P2.csv,P2,Dynamic Pressure Sensor,Farthest Corner Distribution Pipe (Downstream of leaks),25600,939639,36.7046,BR,Branched,CC,Circumferential Crack,1,Middle Pipe,N,0.18 LPS,0.18 L/s Steady Demand,BR_CC_0.18 LPS_N
REC_0083,Dataset of Leak Simulations in Experimental Testbed Water Network/Dynamic Pressure Sensor/Branched/Circumferential Crack/BR_CC_0.47 LPS_P1.csv,BR_CC_0.47 LPS_P1.csv,P1,Dynamic Pressure Sensor,Supply Line (Upstream of distribution inlet),25600,1001723,39.1298,BR,Branched,CC,Circumferential Crack,1,Middle Pipe,N,0.47 LPS,0.47 L/s Steady Demand,BR_CC_0.47 LPS_N
REC_0084,Dataset of Leak Simulations in Experimental Testbed Water Network/Dynamic Pressure Sensor/Branched/Circumferential Crack/BR_CC_0.47 LPS_P2.csv,BR_CC_0.47 LPS_P2.csv,P2,Dynamic Pressure Sensor,Farthest Corner Distribution Pipe (Downstream of leaks),25600,1000072,39.0653,BR,Branched,CC,Circumferential Crack,1,Middle Pipe,N,0.47 LPS,0.47 L/s Steady Demand,BR_CC_0.47 LPS_N
REC_0085,Dataset of Leak Simulations in Experimental Testbed Water Network/Dynamic Pressure Sensor/Branched/Circumferential Crack/BR_CC_ND_P1.csv,BR_CC_ND_P1.csv,P1,Dynamic Pressure Sensor,Supply Line (Upstream of distribution inlet),25600,922359,36.0296,BR,Branched,CC,Circumferential Crack,1,Middle Pipe,N,ND,0 L/s No Demand,BR_CC_ND_N
REC_0086,Dataset of Leak Simulations in Experimental Testbed Water Network/Dynamic Pressure Sensor/Branched/Circumferential Crack/BR_CC_ND_P2.csv,BR_CC_ND_P2.csv,P2,Dynamic Pressure Sensor,Farthest Corner Distribution Pipe (Downstream of leaks),25600,945805,36.9455,BR,Branched,CC,Circumferential Crack,1,Middle Pipe,N,ND,0 L/s No Demand,BR_CC_ND_N
REC_0087,Dataset of Leak Simulations in Experimental Testbed Water Network/Dynamic Pressure Sensor/Branched/Circumferential Crack/BR_CC_Transient_P1.csv,BR_CC_Transient_P1.csv,P1,Dynamic Pressure Sensor,Supply Line (Upstream of distribution inlet),25600,946841,36.9859,BR,Branched,CC,Circumferential Crack,1,Middle Pipe,N,Transient,Transient Flow (0.47 L/s to 0 L/s at t=20s),BR_CC_Transient_N
REC_0088,Dataset of Leak Simulations in Experimental Testbed Water Network/Dynamic Pressure Sensor/Branched/Circumferential Crack/BR_CC_Transient_P2.csv,BR_CC_Transient_P2.csv,P2,Dynamic Pressure Sensor,Farthest Corner Distribution Pipe (Downstream of leaks),25600,950481,37.1281,BR,Branched,CC,Circumferential Crack,1,Middle Pipe,N,Transient,Transient Flow (0.47 L/s to 0 L/s at t=20s),BR_CC_Transient_N
REC_0089,Dataset of Leak Simulations in Experimental Testbed Water Network/Dynamic Pressure Sensor/Branched/Gasket Leak/BR_GL_0.18 LPS_P1.csv,BR_GL_0.18 LPS_P1.csv,P1,Dynamic Pressure Sensor,Supply Line (Upstream of distribution inlet),25600,975143,38.0915,BR,Branched,GL,Gasket Leak,1,Middle Pipe,N,0.18 LPS,0.18 L/s Steady Demand,BR_GL_0.18 LPS_N
REC_0090,Dataset of Leak Simulations in Experimental Testbed Water Network/Dynamic Pressure Sensor/Branched/Gasket Leak/BR_GL_0.18 LPS_P2.csv,BR_GL_0.18 LPS_P2.csv,P2,Dynamic Pressure Sensor,Farthest Corner Distribution Pipe (Downstream of leaks),25600,908981,35.507,BR,Branched,GL,Gasket Leak,1,Middle Pipe,N,0.18 LPS,0.18 L/s Steady Demand,BR_GL_0.18 LPS_N
REC_0091,Dataset of Leak Simulations in Experimental Testbed Water Network/Dynamic Pressure Sensor/Branched/Gasket Leak/BR_GL_0.47 LPS_P1.csv,BR_GL_0.47 LPS_P1.csv,P1,Dynamic Pressure Sensor,Supply Line (Upstream of distribution inlet),25600,923386,36.0697,BR,Branched,GL,Gasket Leak,1,Middle Pipe,N,0.47 LPS,0.47 L/s Steady Demand,BR_GL_0.47 LPS_N
REC_0092,Dataset of Leak Simulations in Experimental Testbed Water Network/Dynamic Pressure Sensor/Branched/Gasket Leak/BR_GL_0.47 LPS_P2.csv,BR_GL_0.47 LPS_P2.csv,P2,Dynamic Pressure Sensor,Farthest Corner Distribution Pipe (Downstream of leaks),25600,922431,36.0324,BR,Branched,GL,Gasket Leak,1,Middle Pipe,N,0.47 LPS,0.47 L/s Steady Demand,BR_GL_0.47 LPS_N
REC_0093,Dataset of Leak Simulations in Experimental Testbed Water Network/Dynamic Pressure Sensor/Branched/Gasket Leak/BR_GL_ND_P1.csv,BR_GL_ND_P1.csv,P1,Dynamic Pressure Sensor,Supply Line (Upstream of distribution inlet),25600,917225,35.8291,BR,Branched,GL,Gasket Leak,1,Middle Pipe,N,ND,0 L/s No Demand,BR_GL_ND_N
REC_0094,Dataset of Leak Simulations in Experimental Testbed Water Network/Dynamic Pressure Sensor/Branched/Gasket Leak/BR_GL_ND_P2.csv,BR_GL_ND_P2.csv,P2,Dynamic Pressure Sensor,Farthest Corner Distribution Pipe (Downstream of leaks),25600,929024,36.29,BR,Branched,GL,Gasket Leak,1,Middle Pipe,N,ND,0 L/s No Demand,BR_GL_ND_N
REC_0095,Dataset of Leak Simulations in Experimental Testbed Water Network/Dynamic Pressure Sensor/Branched/Gasket Leak/BR_GL_Transient_P1.csv,BR_GL_Transient_P1.csv,P1,Dynamic Pressure Sensor,Supply Line (Upstream of distribution inlet),25600,1028422,40.1727,BR,Branched,GL,Gasket Leak,1,Middle Pipe,N,Transient,Transient Flow (0.47 L/s to 0 L/s at t=20s),BR_GL_Transient_N
REC_0096,Dataset of Leak Simulations in Experimental Testbed Water Network/Dynamic Pressure Sensor/Branched/Gasket Leak/BR_GL_Transient_P2.csv,BR_GL_Transient_P2.csv,P2,Dynamic Pressure Sensor,Farthest Corner Distribution Pipe (Downstream of leaks),25600,995561,38.8891,BR,Branched,GL,Gasket Leak,1,Middle Pipe,N,Transient,Transient Flow (0.47 L/s to 0 L/s at t=20s),BR_GL_Transient_N
REC_0097,Dataset of Leak Simulations in Experimental Testbed Water Network/Dynamic Pressure Sensor/Branched/Longitudinal Crack/BR_LC_0.18 LPS_P1.csv,BR_LC_0.18 LPS_P1.csv,P1,Dynamic Pressure Sensor,Supply Line (Upstream of distribution inlet),25600,919659,35.9241,BR,Branched,LC,Longitudinal Crack,1,Middle Pipe,N,0.18 LPS,0.18 L/s Steady Demand,BR_LC_0.18 LPS_N
REC_0098,Dataset of Leak Simulations in Experimental Testbed Water Network/Dynamic Pressure Sensor/Branched/Longitudinal Crack/BR_LC_0.18 LPS_P2.csv,BR_LC_0.18 LPS_P2.csv,P2,Dynamic Pressure Sensor,Farthest Corner Distribution Pipe (Downstream of leaks),25600,922650,36.041,BR,Branched,LC,Longitudinal Crack,1,Middle Pipe,N,0.18 LPS,0.18 L/s Steady Demand,BR_LC_0.18 LPS_N
REC_0099,Dataset of Leak Simulations in Experimental Testbed Water Network/Dynamic Pressure Sensor/Branched/Longitudinal Crack/BR_LC_0.47 LPS_P1.csv,BR_LC_0.47 LPS_P1.csv,P1,Dynamic Pressure Sensor,Supply Line (Upstream of distribution inlet),25600,1048572,40.9598,BR,Branched,LC,Longitudinal Crack,1,Middle Pipe,N,0.47 LPS,0.47 L/s Steady Demand,BR_LC_0.47 LPS_N
REC_0100,Dataset of Leak Simulations in Experimental Testbed Water Network/Dynamic Pressure Sensor/Branched/Longitudinal Crack/BR_LC_0.47 LPS_P2.csv,BR_LC_0.47 LPS_P2.csv,P2,Dynamic Pressure Sensor,Farthest Corner Distribution Pipe (Downstream of leaks),25600,922900,36.0507,BR,Branched,LC,Longitudinal Crack,1,Middle Pipe,N,0.47 LPS,0.47 L/s Steady Demand,BR_LC_0.47 LPS_N
REC_0101,Dataset of Leak Simulations in Experimental Testbed Water Network/Dynamic Pressure Sensor/Branched/Longitudinal Crack/BR_LC_ND_P1.csv,BR_LC_ND_P1.csv,P1,Dynamic Pressure Sensor,Supply Line (Upstream of distribution inlet),25600,945187,36.9213,BR,Branched,LC,Longitudinal Crack,1,Middle Pipe,N,ND,0 L/s No Demand,BR_LC_ND_N
REC_0102,Dataset of Leak Simulations in Experimental Testbed Water Network/Dynamic Pressure Sensor/Branched/Longitudinal Crack/BR_LC_ND_P2.csv,BR_LC_ND_P2.csv,P2,Dynamic Pressure Sensor,Farthest Corner Distribution Pipe (Downstream of leaks),25600,945455,36.9318,BR,Branched,LC,Longitudinal Crack,1,Middle Pipe,N,ND,0 L/s No Demand,BR_LC_ND_N
REC_0103,Dataset of Leak Simulations in Experimental Testbed Water Network/Dynamic Pressure Sensor/Branched/Longitudinal Crack/BR_LC_Transient_P1.csv,BR_LC_Transient_P1.csv,P1,Dynamic Pressure Sensor,Supply Line (Upstream of distribution inlet),25600,917161,35.8266,BR,Branched,LC,Longitudinal Crack,1,Middle Pipe,N,Transient,Transient Flow (0.47 L/s to 0 L/s at t=20s),BR_LC_Transient_N
REC_0104,Dataset of Leak Simulations in Experimental Testbed Water Network/Dynamic Pressure Sensor/Branched/Longitudinal Crack/BR_LC_Transient_P2.csv,BR_LC_Transient_P2.csv,P2,Dynamic Pressure Sensor,Farthest Corner Distribution Pipe (Downstream of leaks),25600,928882,36.2844,BR,Branched,LC,Longitudinal Crack,1,Middle Pipe,N,Transient,Transient Flow (0.47 L/s to 0 L/s at t=20s),BR_LC_Transient_N
REC_0105,Dataset of Leak Simulations in Experimental Testbed Water Network/Dynamic Pressure Sensor/Branched/No-leak/BR_NL_0.18 LPS_P1.csv,BR_NL_0.18 LPS_P1.csv,P1,Dynamic Pressure Sensor,Supply Line (Upstream of distribution inlet),25600,986615,38.5396,BR,Branched,NL,No-leak,0,None,N,0.18 LPS,0.18 L/s Steady Demand,BR_NL_0.18 LPS_N
REC_0106,Dataset of Leak Simulations in Experimental Testbed Water Network/Dynamic Pressure Sensor/Branched/No-leak/BR_NL_0.18 LPS_P2.csv,BR_NL_0.18 LPS_P2.csv,P2,Dynamic Pressure Sensor,Farthest Corner Distribution Pipe (Downstream of leaks),25600,979005,38.2423,BR,Branched,NL,No-leak,0,None,N,0.18 LPS,0.18 L/s Steady Demand,BR_NL_0.18 LPS_N
REC_0107,Dataset of Leak Simulations in Experimental Testbed Water Network/Dynamic Pressure Sensor/Branched/No-leak/BR_NL_0.47 LPS_P1.csv,BR_NL_0.47 LPS_P1.csv,P1,Dynamic Pressure Sensor,Supply Line (Upstream of distribution inlet),25600,912223,35.6337,BR,Branched,NL,No-leak,0,None,N,0.47 LPS,0.47 L/s Steady Demand,BR_NL_0.47 LPS_N
REC_0108,Dataset of Leak Simulations in Experimental Testbed Water Network/Dynamic Pressure Sensor/Branched/No-leak/BR_NL_0.47 LPS_P2.csv,BR_NL_0.47 LPS_P2.csv,P2,Dynamic Pressure Sensor,Farthest Corner Distribution Pipe (Downstream of leaks),25600,934054,36.4864,BR,Branched,NL,No-leak,0,None,N,0.47 LPS,0.47 L/s Steady Demand,BR_NL_0.47 LPS_N
REC_0109,Dataset of Leak Simulations in Experimental Testbed Water Network/Dynamic Pressure Sensor/Branched/No-leak/BR_NL_ND_P1.csv,BR_NL_ND_P1.csv,P1,Dynamic Pressure Sensor,Supply Line (Upstream of distribution inlet),25600,918590,35.8824,BR,Branched,NL,No-leak,0,None,N,ND,0 L/s No Demand,BR_NL_ND_N
REC_0110,Dataset of Leak Simulations in Experimental Testbed Water Network/Dynamic Pressure Sensor/Branched/No-leak/BR_NL_ND_P2.csv,BR_NL_ND_P2.csv,P2,Dynamic Pressure Sensor,Farthest Corner Distribution Pipe (Downstream of leaks),25600,921584,35.9993,BR,Branched,NL,No-leak,0,None,N,ND,0 L/s No Demand,BR_NL_ND_N
REC_0111,Dataset of Leak Simulations in Experimental Testbed Water Network/Dynamic Pressure Sensor/Branched/No-leak/BR_NL_Transient_P1.csv,BR_NL_Transient_P1.csv,P1,Dynamic Pressure Sensor,Supply Line (Upstream of distribution inlet),25600,915758,35.7718,BR,Branched,NL,No-leak,0,None,N,Transient,Transient Flow (0.47 L/s to 0 L/s at t=20s),BR_NL_Transient_N
REC_0112,Dataset of Leak Simulations in Experimental Testbed Water Network/Dynamic Pressure Sensor/Branched/No-leak/BR_NL_Transient_P2.csv,BR_NL_Transient_P2.csv,P2,Dynamic Pressure Sensor,Farthest Corner Distribution Pipe (Downstream of leaks),25600,910097,35.5506,BR,Branched,NL,No-leak,0,None,N,Transient,Transient Flow (0.47 L/s to 0 L/s at t=20s),BR_NL_Transient_N
REC_0113,Dataset of Leak Simulations in Experimental Testbed Water Network/Dynamic Pressure Sensor/Branched/Orifice Leak/BR_OL_0.18 LPS_P1.csv,BR_OL_0.18 LPS_P1.csv,P1,Dynamic Pressure Sensor,Supply Line (Upstream of distribution inlet),25600,978072,38.2059,BR,Branched,OL,Orifice Leak,1,Middle Pipe,N,0.18 LPS,0.18 L/s Steady Demand,BR_OL_0.18 LPS_N
REC_0114,Dataset of Leak Simulations in Experimental Testbed Water Network/Dynamic Pressure Sensor/Branched/Orifice Leak/BR_OL_0.18 LPS_P2.csv,BR_OL_0.18 LPS_P2.csv,P2,Dynamic Pressure Sensor,Farthest Corner Distribution Pipe (Downstream of leaks),25600,983311,38.4105,BR,Branched,OL,Orifice Leak,1,Middle Pipe,N,0.18 LPS,0.18 L/s Steady Demand,BR_OL_0.18 LPS_N
REC_0115,Dataset of Leak Simulations in Experimental Testbed Water Network/Dynamic Pressure Sensor/Branched/Orifice Leak/BR_OL_0.47 LPS_P1.csv,BR_OL_0.47 LPS_P1.csv,P1,Dynamic Pressure Sensor,Supply Line (Upstream of distribution inlet),25600,917978,35.8585,BR,Branched,OL,Orifice Leak,1,Middle Pipe,N,0.47 LPS,0.47 L/s Steady Demand,BR_OL_0.47 LPS_N
REC_0116,Dataset of Leak Simulations in Experimental Testbed Water Network/Dynamic Pressure Sensor/Branched/Orifice Leak/BR_OL_0.47 LPS_P2.csv,BR_OL_0.47 LPS_P2.csv,P2,Dynamic Pressure Sensor,Farthest Corner Distribution Pipe (Downstream of leaks),25600,943988,36.8745,BR,Branched,OL,Orifice Leak,1,Middle Pipe,N,0.47 LPS,0.47 L/s Steady Demand,BR_OL_0.47 LPS_N
REC_0117,Dataset of Leak Simulations in Experimental Testbed Water Network/Dynamic Pressure Sensor/Branched/Orifice Leak/BR_OL_ND_P1.csv,BR_OL_ND_P1.csv,P1,Dynamic Pressure Sensor,Supply Line (Upstream of distribution inlet),25600,917989,35.8589,BR,Branched,OL,Orifice Leak,1,Middle Pipe,N,ND,0 L/s No Demand,BR_OL_ND_N
REC_0118,Dataset of Leak Simulations in Experimental Testbed Water Network/Dynamic Pressure Sensor/Branched/Orifice Leak/BR_OL_ND_P2.csv,BR_OL_ND_P2.csv,P2,Dynamic Pressure Sensor,Farthest Corner Distribution Pipe (Downstream of leaks),25600,927866,36.2447,BR,Branched,OL,Orifice Leak,1,Middle Pipe,N,ND,0 L/s No Demand,BR_OL_ND_N
REC_0119,Dataset of Leak Simulations in Experimental Testbed Water Network/Dynamic Pressure Sensor/Branched/Orifice Leak/BR_OL_Transient_P1.csv,BR_OL_Transient_P1.csv,P1,Dynamic Pressure Sensor,Supply Line (Upstream of distribution inlet),25600,959000,37.4609,BR,Branched,OL,Orifice Leak,1,Middle Pipe,N,Transient,Transient Flow (0.47 L/s to 0 L/s at t=20s),BR_OL_Transient_N
REC_0120,Dataset of Leak Simulations in Experimental Testbed Water Network/Dynamic Pressure Sensor/Branched/Orifice Leak/BR_OL_Transient_P2.csv,BR_OL_Transient_P2.csv,P2,Dynamic Pressure Sensor,Farthest Corner Distribution Pipe (Downstream of leaks),25600,949320,37.0828,BR,Branched,OL,Orifice Leak,1,Middle Pipe,N,Transient,Transient Flow (0.47 L/s to 0 L/s at t=20s),BR_OL_Transient_N
REC_0121,Dataset of Leak Simulations in Experimental Testbed Water Network/Dynamic Pressure Sensor/Looped/Circumferential Crack/LO_CC_0.18 LPS_P1.csv,LO_CC_0.18 LPS_P1.csv,P1,Dynamic Pressure Sensor,Supply Line (Upstream of distribution inlet),25600,958113,37.4263,LO,Looped,CC,Circumferential Crack,1,Middle Pipe,N,0.18 LPS,0.18 L/s Steady Demand,LO_CC_0.18 LPS_N
REC_0122,Dataset of Leak Simulations in Experimental Testbed Water Network/Dynamic Pressure Sensor/Looped/Circumferential Crack/LO_CC_0.18 LPS_P2.csv,LO_CC_0.18 LPS_P2.csv,P2,Dynamic Pressure Sensor,Farthest Corner Distribution Pipe (Downstream of leaks),25600,954088,37.269,LO,Looped,CC,Circumferential Crack,1,Middle Pipe,N,0.18 LPS,0.18 L/s Steady Demand,LO_CC_0.18 LPS_N
REC_0123,Dataset of Leak Simulations in Experimental Testbed Water Network/Dynamic Pressure Sensor/Looped/Circumferential Crack/LO_CC_0.47 LPS_P1.csv,LO_CC_0.47 LPS_P1.csv,P1,Dynamic Pressure Sensor,Supply Line (Upstream of distribution inlet),25600,911911,35.6215,LO,Looped,CC,Circumferential Crack,1,Middle Pipe,N,0.47 LPS,0.47 L/s Steady Demand,LO_CC_0.47 LPS_N
REC_0124,Dataset of Leak Simulations in Experimental Testbed Water Network/Dynamic Pressure Sensor/Looped/Circumferential Crack/LO_CC_0.47 LPS_P2.csv,LO_CC_0.47 LPS_P2.csv,P2,Dynamic Pressure Sensor,Farthest Corner Distribution Pipe (Downstream of leaks),25600,935147,36.5291,LO,Looped,CC,Circumferential Crack,1,Middle Pipe,N,0.47 LPS,0.47 L/s Steady Demand,LO_CC_0.47 LPS_N
REC_0125,Dataset of Leak Simulations in Experimental Testbed Water Network/Dynamic Pressure Sensor/Looped/Circumferential Crack/LO_CC_ND_P1.csv,LO_CC_ND_P1.csv,P1,Dynamic Pressure Sensor,Supply Line (Upstream of distribution inlet),25600,922489,36.0347,LO,Looped,CC,Circumferential Crack,1,Middle Pipe,N,ND,0 L/s No Demand,LO_CC_ND_N
REC_0126,Dataset of Leak Simulations in Experimental Testbed Water Network/Dynamic Pressure Sensor/Looped/Circumferential Crack/LO_CC_ND_P2.csv,LO_CC_ND_P2.csv,P2,Dynamic Pressure Sensor,Farthest Corner Distribution Pipe (Downstream of leaks),25600,919909,35.9339,LO,Looped,CC,Circumferential Crack,1,Middle Pipe,N,ND,0 L/s No Demand,LO_CC_ND_N
REC_0127,Dataset of Leak Simulations in Experimental Testbed Water Network/Dynamic Pressure Sensor/Looped/Circumferential Crack/LO_CC_Transient_P1.csv,LO_CC_Transient_P1.csv,P1,Dynamic Pressure Sensor,Supply Line (Upstream of distribution inlet),25600,935607,36.5471,LO,Looped,CC,Circumferential Crack,1,Middle Pipe,N,Transient,Transient Flow (0.47 L/s to 0 L/s at t=20s),LO_CC_Transient_N
REC_0128,Dataset of Leak Simulations in Experimental Testbed Water Network/Dynamic Pressure Sensor/Looped/Circumferential Crack/LO_CC_Transient_P2.csv,LO_CC_Transient_P2.csv,P2,Dynamic Pressure Sensor,Farthest Corner Distribution Pipe (Downstream of leaks),25600,917132,35.8254,LO,Looped,CC,Circumferential Crack,1,Middle Pipe,N,Transient,Transient Flow (0.47 L/s to 0 L/s at t=20s),LO_CC_Transient_N
REC_0129,Dataset of Leak Simulations in Experimental Testbed Water Network/Dynamic Pressure Sensor/Looped/Gasket Leak/LO_GL_0.18 LPS_P1.csv,LO_GL_0.18 LPS_P1.csv,P1,Dynamic Pressure Sensor,Supply Line (Upstream of distribution inlet),25600,915177,35.7491,LO,Looped,GL,Gasket Leak,1,Middle Pipe,N,0.18 LPS,0.18 L/s Steady Demand,LO_GL_0.18 LPS_N
REC_0130,Dataset of Leak Simulations in Experimental Testbed Water Network/Dynamic Pressure Sensor/Looped/Gasket Leak/LO_GL_0.18 LPS_P2.csv,LO_GL_0.18 LPS_P2.csv,P2,Dynamic Pressure Sensor,Farthest Corner Distribution Pipe (Downstream of leaks),25600,919546,35.9197,LO,Looped,GL,Gasket Leak,1,Middle Pipe,N,0.18 LPS,0.18 L/s Steady Demand,LO_GL_0.18 LPS_N
REC_0131,Dataset of Leak Simulations in Experimental Testbed Water Network/Dynamic Pressure Sensor/Looped/Gasket Leak/LO_GL_0.47 LPS_P1.csv,LO_GL_0.47 LPS_P1.csv,P1,Dynamic Pressure Sensor,Supply Line (Upstream of distribution inlet),25600,923717,36.0827,LO,Looped,GL,Gasket Leak,1,Middle Pipe,N,0.47 LPS,0.47 L/s Steady Demand,LO_GL_0.47 LPS_N
REC_0132,Dataset of Leak Simulations in Experimental Testbed Water Network/Dynamic Pressure Sensor/Looped/Gasket Leak/LO_GL_0.47 LPS_P2.csv,LO_GL_0.47 LPS_P2.csv,P2,Dynamic Pressure Sensor,Farthest Corner Distribution Pipe (Downstream of leaks),25600,919637,35.9233,LO,Looped,GL,Gasket Leak,1,Middle Pipe,N,0.47 LPS,0.47 L/s Steady Demand,LO_GL_0.47 LPS_N
REC_0133,Dataset of Leak Simulations in Experimental Testbed Water Network/Dynamic Pressure Sensor/Looped/Gasket Leak/LO_GL_ND_P1.csv,LO_GL_ND_P1.csv,P1,Dynamic Pressure Sensor,Supply Line (Upstream of distribution inlet),25600,916850,35.8144,LO,Looped,GL,Gasket Leak,1,Middle Pipe,N,ND,0 L/s No Demand,LO_GL_ND_N
REC_0134,Dataset of Leak Simulations in Experimental Testbed Water Network/Dynamic Pressure Sensor/Looped/Gasket Leak/LO_GL_ND_P2.csv,LO_GL_ND_P2.csv,P2,Dynamic Pressure Sensor,Farthest Corner Distribution Pipe (Downstream of leaks),25600,916902,35.8164,LO,Looped,GL,Gasket Leak,1,Middle Pipe,N,ND,0 L/s No Demand,LO_GL_ND_N
REC_0135,Dataset of Leak Simulations in Experimental Testbed Water Network/Dynamic Pressure Sensor/Looped/Gasket Leak/LO_GL_Transient_P1.csv,LO_GL_Transient_P1.csv,P1,Dynamic Pressure Sensor,Supply Line (Upstream of distribution inlet),25600,971203,37.9376,LO,Looped,GL,Gasket Leak,1,Middle Pipe,N,Transient,Transient Flow (0.47 L/s to 0 L/s at t=20s),LO_GL_Transient_N
REC_0136,Dataset of Leak Simulations in Experimental Testbed Water Network/Dynamic Pressure Sensor/Looped/Gasket Leak/LO_GL_Transient_P2.csv,LO_GL_Transient_P2.csv,P2,Dynamic Pressure Sensor,Farthest Corner Distribution Pipe (Downstream of leaks),25600,903630,35.298,LO,Looped,GL,Gasket Leak,1,Middle Pipe,N,Transient,Transient Flow (0.47 L/s to 0 L/s at t=20s),LO_GL_Transient_N
REC_0137,Dataset of Leak Simulations in Experimental Testbed Water Network/Dynamic Pressure Sensor/Looped/Longitudinal Crack/LO_LC_0.18 LPS_P1.csv,LO_LC_0.18 LPS_P1.csv,P1,Dynamic Pressure Sensor,Supply Line (Upstream of distribution inlet),25600,917875,35.8545,LO,Looped,LC,Longitudinal Crack,1,Middle Pipe,N,0.18 LPS,0.18 L/s Steady Demand,LO_LC_0.18 LPS_N
REC_0138,Dataset of Leak Simulations in Experimental Testbed Water Network/Dynamic Pressure Sensor/Looped/Longitudinal Crack/LO_LC_0.18 LPS_P2.csv,LO_LC_0.18 LPS_P2.csv,P2,Dynamic Pressure Sensor,Farthest Corner Distribution Pipe (Downstream of leaks),25600,916703,35.8087,LO,Looped,LC,Longitudinal Crack,1,Middle Pipe,N,0.18 LPS,0.18 L/s Steady Demand,LO_LC_0.18 LPS_N
REC_0139,Dataset of Leak Simulations in Experimental Testbed Water Network/Dynamic Pressure Sensor/Looped/Longitudinal Crack/LO_LC_0.47 LPS_P1.csv,LO_LC_0.47 LPS_P1.csv,P1,Dynamic Pressure Sensor,Supply Line (Upstream of distribution inlet),25600,916692,35.8082,LO,Looped,LC,Longitudinal Crack,1,Middle Pipe,N,0.47 LPS,0.47 L/s Steady Demand,LO_LC_0.47 LPS_N
REC_0140,Dataset of Leak Simulations in Experimental Testbed Water Network/Dynamic Pressure Sensor/Looped/Longitudinal Crack/LO_LC_0.47 LPS_P2.csv,LO_LC_0.47 LPS_P2.csv,P2,Dynamic Pressure Sensor,Farthest Corner Distribution Pipe (Downstream of leaks),25600,935337,36.5366,LO,Looped,LC,Longitudinal Crack,1,Middle Pipe,N,0.47 LPS,0.47 L/s Steady Demand,LO_LC_0.47 LPS_N
REC_0141,Dataset of Leak Simulations in Experimental Testbed Water Network/Dynamic Pressure Sensor/Looped/Longitudinal Crack/LO_LC_ND_P1.csv,LO_LC_ND_P1.csv,P1,Dynamic Pressure Sensor,Supply Line (Upstream of distribution inlet),25600,925965,36.1705,LO,Looped,LC,Longitudinal Crack,1,Middle Pipe,N,ND,0 L/s No Demand,LO_LC_ND_N
REC_0142,Dataset of Leak Simulations in Experimental Testbed Water Network/Dynamic Pressure Sensor/Looped/Longitudinal Crack/LO_LC_ND_P2.csv,LO_LC_ND_P2.csv,P2,Dynamic Pressure Sensor,Farthest Corner Distribution Pipe (Downstream of leaks),25600,923133,36.0598,LO,Looped,LC,Longitudinal Crack,1,Middle Pipe,N,ND,0 L/s No Demand,LO_LC_ND_N
REC_0143,Dataset of Leak Simulations in Experimental Testbed Water Network/Dynamic Pressure Sensor/Looped/Longitudinal Crack/LO_LC_Transient_P1.csv,LO_LC_Transient_P1.csv,P1,Dynamic Pressure Sensor,Supply Line (Upstream of distribution inlet),25600,986299,38.5273,LO,Looped,LC,Longitudinal Crack,1,Middle Pipe,N,Transient,Transient Flow (0.47 L/s to 0 L/s at t=20s),LO_LC_Transient_N
REC_0144,Dataset of Leak Simulations in Experimental Testbed Water Network/Dynamic Pressure Sensor/Looped/Longitudinal Crack/LO_LC_Transient_P2.csv,LO_LC_Transient_P2.csv,P2,Dynamic Pressure Sensor,Farthest Corner Distribution Pipe (Downstream of leaks),25600,965427,37.712,LO,Looped,LC,Longitudinal Crack,1,Middle Pipe,N,Transient,Transient Flow (0.47 L/s to 0 L/s at t=20s),LO_LC_Transient_N
REC_0145,Dataset of Leak Simulations in Experimental Testbed Water Network/Dynamic Pressure Sensor/Looped/No-leak/LO_NL_0.18 LPS_P1.csv,LO_NL_0.18 LPS_P1.csv,P1,Dynamic Pressure Sensor,Supply Line (Upstream of distribution inlet),25600,918056,35.8615,LO,Looped,NL,No-leak,0,None,N,0.18 LPS,0.18 L/s Steady Demand,LO_NL_0.18 LPS_N
REC_0146,Dataset of Leak Simulations in Experimental Testbed Water Network/Dynamic Pressure Sensor/Looped/No-leak/LO_NL_0.18 LPS_P2.csv,LO_NL_0.18 LPS_P2.csv,P2,Dynamic Pressure Sensor,Farthest Corner Distribution Pipe (Downstream of leaks),25600,930668,36.3542,LO,Looped,NL,No-leak,0,None,N,0.18 LPS,0.18 L/s Steady Demand,LO_NL_0.18 LPS_N
REC_0147,Dataset of Leak Simulations in Experimental Testbed Water Network/Dynamic Pressure Sensor/Looped/No-leak/LO_NL_0.47 LPS_P1.csv,LO_NL_0.47 LPS_P1.csv,P1,Dynamic Pressure Sensor,Supply Line (Upstream of distribution inlet),25600,900909,35.1917,LO,Looped,NL,No-leak,0,None,N,0.47 LPS,0.47 L/s Steady Demand,LO_NL_0.47 LPS_N
REC_0148,Dataset of Leak Simulations in Experimental Testbed Water Network/Dynamic Pressure Sensor/Looped/No-leak/LO_NL_0.47 LPS_P2.csv,LO_NL_0.47 LPS_P2.csv,P2,Dynamic Pressure Sensor,Farthest Corner Distribution Pipe (Downstream of leaks),25600,914117,35.7077,LO,Looped,NL,No-leak,0,None,N,0.47 LPS,0.47 L/s Steady Demand,LO_NL_0.47 LPS_N
REC_0149,Dataset of Leak Simulations in Experimental Testbed Water Network/Dynamic Pressure Sensor/Looped/No-leak/LO_NL_ND_P1.csv,LO_NL_ND_P1.csv,P1,Dynamic Pressure Sensor,Supply Line (Upstream of distribution inlet),25600,928022,36.2508,LO,Looped,NL,No-leak,0,None,N,ND,0 L/s No Demand,LO_NL_ND_N
REC_0150,Dataset of Leak Simulations in Experimental Testbed Water Network/Dynamic Pressure Sensor/Looped/No-leak/LO_NL_ND_P2.csv,LO_NL_ND_P2.csv,P2,Dynamic Pressure Sensor,Farthest Corner Distribution Pipe (Downstream of leaks),25600,907396,35.4451,LO,Looped,NL,No-leak,0,None,N,ND,0 L/s No Demand,LO_NL_ND_N
REC_0151,Dataset of Leak Simulations in Experimental Testbed Water Network/Dynamic Pressure Sensor/Looped/No-leak/LO_NL_Transient_P1.csv,LO_NL_Transient_P1.csv,P1,Dynamic Pressure Sensor,Supply Line (Upstream of distribution inlet),25600,940919,36.7546,LO,Looped,NL,No-leak,0,None,N,Transient,Transient Flow (0.47 L/s to 0 L/s at t=20s),LO_NL_Transient_N
REC_0152,Dataset of Leak Simulations in Experimental Testbed Water Network/Dynamic Pressure Sensor/Looped/No-leak/LO_NL_Transient_P2.csv,LO_NL_Transient_P2.csv,P2,Dynamic Pressure Sensor,Farthest Corner Distribution Pipe (Downstream of leaks),25600,930717,36.3561,LO,Looped,NL,No-leak,0,None,N,Transient,Transient Flow (0.47 L/s to 0 L/s at t=20s),LO_NL_Transient_N
REC_0153,Dataset of Leak Simulations in Experimental Testbed Water Network/Dynamic Pressure Sensor/Looped/Orifice Leak/LO_OL_0.18 LPS_P1.csv,LO_OL_0.18 LPS_P1.csv,P1,Dynamic Pressure Sensor,Supply Line (Upstream of distribution inlet),25600,918847,35.8924,LO,Looped,OL,Orifice Leak,1,Middle Pipe,N,0.18 LPS,0.18 L/s Steady Demand,LO_OL_0.18 LPS_N
REC_0154,Dataset of Leak Simulations in Experimental Testbed Water Network/Dynamic Pressure Sensor/Looped/Orifice Leak/LO_OL_0.18 LPS_P2.csv,LO_OL_0.18 LPS_P2.csv,P2,Dynamic Pressure Sensor,Farthest Corner Distribution Pipe (Downstream of leaks),25600,917482,35.8391,LO,Looped,OL,Orifice Leak,1,Middle Pipe,N,0.18 LPS,0.18 L/s Steady Demand,LO_OL_0.18 LPS_N
REC_0155,Dataset of Leak Simulations in Experimental Testbed Water Network/Dynamic Pressure Sensor/Looped/Orifice Leak/LO_OL_0.47 LPS_P1.csv,LO_OL_0.47 LPS_P1.csv,P1,Dynamic Pressure Sensor,Supply Line (Upstream of distribution inlet),25600,922925,36.0517,LO,Looped,OL,Orifice Leak,1,Middle Pipe,N,0.47 LPS,0.47 L/s Steady Demand,LO_OL_0.47 LPS_N
REC_0156,Dataset of Leak Simulations in Experimental Testbed Water Network/Dynamic Pressure Sensor/Looped/Orifice Leak/LO_OL_0.47 LPS_P2.csv,LO_OL_0.47 LPS_P2.csv,P2,Dynamic Pressure Sensor,Farthest Corner Distribution Pipe (Downstream of leaks),25600,914160,35.7093,LO,Looped,OL,Orifice Leak,1,Middle Pipe,N,0.47 LPS,0.47 L/s Steady Demand,LO_OL_0.47 LPS_N
REC_0157,Dataset of Leak Simulations in Experimental Testbed Water Network/Dynamic Pressure Sensor/Looped/Orifice Leak/LO_OL_ND_P1.csv,LO_OL_ND_P1.csv,P1,Dynamic Pressure Sensor,Supply Line (Upstream of distribution inlet),25600,923936,36.0912,LO,Looped,OL,Orifice Leak,1,Middle Pipe,N,ND,0 L/s No Demand,LO_OL_ND_N
REC_0158,Dataset of Leak Simulations in Experimental Testbed Water Network/Dynamic Pressure Sensor/Looped/Orifice Leak/LO_OL_ND_P2.csv,LO_OL_ND_P2.csv,P2,Dynamic Pressure Sensor,Farthest Corner Distribution Pipe (Downstream of leaks),25600,928464,36.2681,LO,Looped,OL,Orifice Leak,1,Middle Pipe,N,ND,0 L/s No Demand,LO_OL_ND_N
REC_0159,Dataset of Leak Simulations in Experimental Testbed Water Network/Dynamic Pressure Sensor/Looped/Orifice Leak/LO_OL_Transient_P1.csv,LO_OL_Transient_P1.csv,P1,Dynamic Pressure Sensor,Supply Line (Upstream of distribution inlet),25600,956991,37.3824,LO,Looped,OL,Orifice Leak,1,Middle Pipe,N,Transient,Transient Flow (0.47 L/s to 0 L/s at t=20s),LO_OL_Transient_N
REC_0160,Dataset of Leak Simulations in Experimental Testbed Water Network/Dynamic Pressure Sensor/Looped/Orifice Leak/LO_OL_Transient_P2.csv,LO_OL_Transient_P2.csv,P2,Dynamic Pressure Sensor,Farthest Corner Distribution Pipe (Downstream of leaks),25600,1048572,40.9598,LO,Looped,OL,Orifice Leak,1,Middle Pipe,N,Transient,Transient Flow (0.47 L/s to 0 L/s at t=20s),LO_OL_Transient_N
REC_0161,Dataset of Leak Simulations in Experimental Testbed Water Network/Hydrophone/Background Noise/Background Noise_H1.raw,Background Noise_H1.raw,H1,Hydrophone,Prototype Hydrant 1 (Mid-pipe residential mimic),8000,318710,39.8387,N/A,N/A (Ambient Reference),N/A,N/A (Ambient Reference),0,None,Ambient_Noise_Reference,N/A,Pump Off / No Flow,EXP_BACKGROUND_NOISE_H1
REC_0162,Dataset of Leak Simulations in Experimental Testbed Water Network/Hydrophone/Background Noise/Background Noise_H2.raw,Background Noise_H2.raw,H2,Hydrophone,Prototype Hydrant 2 (Intersection hydrant),8000,318710,39.8387,N/A,N/A (Ambient Reference),N/A,N/A (Ambient Reference),0,None,Ambient_Noise_Reference,N/A,Pump Off / No Flow,EXP_BACKGROUND_NOISE_H2
REC_0163,Dataset of Leak Simulations in Experimental Testbed Water Network/Hydrophone/Branched/Circumferential Crack/BR_CC_0.18 LPS_N_H1.raw,BR_CC_0.18 LPS_N_H1.raw,H1,Hydrophone,Prototype Hydrant 1 (Mid-pipe residential mimic),8000,321460,40.1825,BR,Branched,CC,Circumferential Crack,1,Middle Pipe,N,0.18 LPS,0.18 L/s Steady Demand,BR_CC_0.18 LPS_N
REC_0164,Dataset of Leak Simulations in Experimental Testbed Water Network/Hydrophone/Branched/Circumferential Crack/BR_CC_0.18 LPS_N_H2.raw,BR_CC_0.18 LPS_N_H2.raw,H2,Hydrophone,Prototype Hydrant 2 (Intersection hydrant),8000,321460,40.1825,BR,Branched,CC,Circumferential Crack,1,Middle Pipe,N,0.18 LPS,0.18 L/s Steady Demand,BR_CC_0.18 LPS_N
REC_0165,Dataset of Leak Simulations in Experimental Testbed Water Network/Hydrophone/Branched/Circumferential Crack/BR_CC_0.47 LPS_N_H1.raw,BR_CC_0.47 LPS_N_H1.raw,H1,Hydrophone,Prototype Hydrant 1 (Mid-pipe residential mimic),8000,286960,35.87,BR,Branched,CC,Circumferential Crack,1,Middle Pipe,N,0.47 LPS,0.47 L/s Steady Demand,BR_CC_0.47 LPS_N
REC_0166,Dataset of Leak Simulations in Experimental Testbed Water Network/Hydrophone/Branched/Circumferential Crack/BR_CC_0.47 LPS_N_H2.raw,BR_CC_0.47 LPS_N_H2.raw,H2,Hydrophone,Prototype Hydrant 2 (Intersection hydrant),8000,286960,35.87,BR,Branched,CC,Circumferential Crack,1,Middle Pipe,N,0.47 LPS,0.47 L/s Steady Demand,BR_CC_0.47 LPS_N
REC_0167,Dataset of Leak Simulations in Experimental Testbed Water Network/Hydrophone/Branched/Circumferential Crack/BR_CC_ND_NN_H1.raw,BR_CC_ND_NN_H1.raw,H1,Hydrophone,Prototype Hydrant 1 (Mid-pipe residential mimic),8000,296460,37.0575,BR,Branched,CC,Circumferential Crack,1,Middle Pipe,NN,ND,0 L/s No Demand,BR_CC_ND_NN
REC_0168,Dataset of Leak Simulations in Experimental Testbed Water Network/Hydrophone/Branched/Circumferential Crack/BR_CC_ND_NN_H2.raw,BR_CC_ND_NN_H2.raw,H2,Hydrophone,Prototype Hydrant 2 (Intersection hydrant),8000,296460,37.0575,BR,Branched,CC,Circumferential Crack,1,Middle Pipe,NN,ND,0 L/s No Demand,BR_CC_ND_NN
REC_0169,Dataset of Leak Simulations in Experimental Testbed Water Network/Hydrophone/Branched/Circumferential Crack/BR_CC_ND_N_H1.raw,BR_CC_ND_N_H1.raw,H1,Hydrophone,Prototype Hydrant 1 (Mid-pipe residential mimic),8000,291710,36.4637,BR,Branched,CC,Circumferential Crack,1,Middle Pipe,N,ND,0 L/s No Demand,BR_CC_ND_N
REC_0170,Dataset of Leak Simulations in Experimental Testbed Water Network/Hydrophone/Branched/Circumferential Crack/BR_CC_ND_N_H2.raw,BR_CC_ND_N_H2.raw,H2,Hydrophone,Prototype Hydrant 2 (Intersection hydrant),8000,291710,36.4637,BR,Branched,CC,Circumferential Crack,1,Middle Pipe,N,ND,0 L/s No Demand,BR_CC_ND_N
REC_0171,Dataset of Leak Simulations in Experimental Testbed Water Network/Hydrophone/Branched/Circumferential Crack/BR_CC_Transient_NN_H1.raw,BR_CC_Transient_NN_H1.raw,H1,Hydrophone,Prototype Hydrant 1 (Mid-pipe residential mimic),8000,331210,41.4012,BR,Branched,CC,Circumferential Crack,1,Middle Pipe,NN,Transient,Transient Flow (0.47 L/s to 0 L/s at t=20s),BR_CC_Transient_NN
REC_0172,Dataset of Leak Simulations in Experimental Testbed Water Network/Hydrophone/Branched/Circumferential Crack/BR_CC_Transient_NN_H2.raw,BR_CC_Transient_NN_H2.raw,H2,Hydrophone,Prototype Hydrant 2 (Intersection hydrant),8000,331210,41.4012,BR,Branched,CC,Circumferential Crack,1,Middle Pipe,NN,Transient,Transient Flow (0.47 L/s to 0 L/s at t=20s),BR_CC_Transient_NN
REC_0173,Dataset of Leak Simulations in Experimental Testbed Water Network/Hydrophone/Branched/Circumferential Crack/BR_CC_Transient_N_H1.raw,BR_CC_Transient_N_H1.raw,H1,Hydrophone,Prototype Hydrant 1 (Mid-pipe residential mimic),8000,349210,43.6512,BR,Branched,CC,Circumferential Crack,1,Middle Pipe,N,Transient,Transient Flow (0.47 L/s to 0 L/s at t=20s),BR_CC_Transient_N
REC_0174,Dataset of Leak Simulations in Experimental Testbed Water Network/Hydrophone/Branched/Circumferential Crack/BR_CC_Transient_N_H2.raw,BR_CC_Transient_N_H2.raw,H2,Hydrophone,Prototype Hydrant 2 (Intersection hydrant),8000,349210,43.6512,BR,Branched,CC,Circumferential Crack,1,Middle Pipe,N,Transient,Transient Flow (0.47 L/s to 0 L/s at t=20s),BR_CC_Transient_N
REC_0175,Dataset of Leak Simulations in Experimental Testbed Water Network/Hydrophone/Branched/Gasket Leak/BR_GL_0.18 LPS_N_H1.raw,BR_GL_0.18 LPS_N_H1.raw,H1,Hydrophone,Prototype Hydrant 1 (Mid-pipe residential mimic),8000,304210,38.0262,BR,Branched,GL,Gasket Leak,1,Middle Pipe,N,0.18 LPS,0.18 L/s Steady Demand,BR_GL_0.18 LPS_N
REC_0176,Dataset of Leak Simulations in Experimental Testbed Water Network/Hydrophone/Branched/Gasket Leak/BR_GL_0.18 LPS_N_H2.raw,BR_GL_0.18 LPS_N_H2.raw,H2,Hydrophone,Prototype Hydrant 2 (Intersection hydrant),8000,304210,38.0262,BR,Branched,GL,Gasket Leak,1,Middle Pipe,N,0.18 LPS,0.18 L/s Steady Demand,BR_GL_0.18 LPS_N
REC_0177,Dataset of Leak Simulations in Experimental Testbed Water Network/Hydrophone/Branched/Gasket Leak/BR_GL_0.47 LPS_N_H1.raw,BR_GL_0.47 LPS_N_H1.raw,H1,Hydrophone,Prototype Hydrant 1 (Mid-pipe residential mimic),8000,291210,36.4012,BR,Branched,GL,Gasket Leak,1,Middle Pipe,N,0.47 LPS,0.47 L/s Steady Demand,BR_GL_0.47 LPS_N
REC_0178,Dataset of Leak Simulations in Experimental Testbed Water Network/Hydrophone/Branched/Gasket Leak/BR_GL_0.47 LPS_N_H2.raw,BR_GL_0.47 LPS_N_H2.raw,H2,Hydrophone,Prototype Hydrant 2 (Intersection hydrant),8000,291210,36.4012,BR,Branched,GL,Gasket Leak,1,Middle Pipe,N,0.47 LPS,0.47 L/s Steady Demand,BR_GL_0.47 LPS_N
REC_0179,Dataset of Leak Simulations in Experimental Testbed Water Network/Hydrophone/Branched/Gasket Leak/BR_GL_ND_NN_H1.raw,BR_GL_ND_NN_H1.raw,H1,Hydrophone,Prototype Hydrant 1 (Mid-pipe residential mimic),8000,324960,40.62,BR,Branched,GL,Gasket Leak,1,Middle Pipe,NN,ND,0 L/s No Demand,BR_GL_ND_NN
REC_0180,Dataset of Leak Simulations in Experimental Testbed Water Network/Hydrophone/Branched/Gasket Leak/BR_GL_ND_NN_H2.raw,BR_GL_ND_NN_H2.raw,H2,Hydrophone,Prototype Hydrant 2 (Intersection hydrant),8000,324960,40.62,BR,Branched,GL,Gasket Leak,1,Middle Pipe,NN,ND,0 L/s No Demand,BR_GL_ND_NN
REC_0181,Dataset of Leak Simulations in Experimental Testbed Water Network/Hydrophone/Branched/Gasket Leak/BR_GL_ND_N_H1.raw,BR_GL_ND_N_H1.raw,H1,Hydrophone,Prototype Hydrant 1 (Mid-pipe residential mimic),8000,330460,41.3075,BR,Branched,GL,Gasket Leak,1,Middle Pipe,N,ND,0 L/s No Demand,BR_GL_ND_N
REC_0182,Dataset of Leak Simulations in Experimental Testbed Water Network/Hydrophone/Branched/Gasket Leak/BR_GL_ND_N_H2.raw,BR_GL_ND_N_H2.raw,H2,Hydrophone,Prototype Hydrant 2 (Intersection hydrant),8000,299460,37.4325,BR,Branched,GL,Gasket Leak,1,Middle Pipe,N,ND,0 L/s No Demand,BR_GL_ND_N
REC_0183,Dataset of Leak Simulations in Experimental Testbed Water Network/Hydrophone/Branched/Gasket Leak/BR_GL_Transient_NN_H1.raw,BR_GL_Transient_NN_H1.raw,H1,Hydrophone,Prototype Hydrant 1 (Mid-pipe residential mimic),8000,415710,51.9637,BR,Branched,GL,Gasket Leak,1,Middle Pipe,NN,Transient,Transient Flow (0.47 L/s to 0 L/s at t=20s),BR_GL_Transient_NN
REC_0184,Dataset of Leak Simulations in Experimental Testbed Water Network/Hydrophone/Branched/Gasket Leak/BR_GL_Transient_NN_H2.raw,BR_GL_Transient_NN_H2.raw,H2,Hydrophone,Prototype Hydrant 2 (Intersection hydrant),8000,415710,51.9637,BR,Branched,GL,Gasket Leak,1,Middle Pipe,NN,Transient,Transient Flow (0.47 L/s to 0 L/s at t=20s),BR_GL_Transient_NN
REC_0185,Dataset of Leak Simulations in Experimental Testbed Water Network/Hydrophone/Branched/Gasket Leak/BR_GL_Transient_N_H1.raw,BR_GL_Transient_N_H1.raw,H1,Hydrophone,Prototype Hydrant 1 (Mid-pipe residential mimic),8000,407210,50.9012,BR,Branched,GL,Gasket Leak,1,Middle Pipe,N,Transient,Transient Flow (0.47 L/s to 0 L/s at t=20s),BR_GL_Transient_N
REC_0186,Dataset of Leak Simulations in Experimental Testbed Water Network/Hydrophone/Branched/Gasket Leak/BR_GL_Transient_N_H2.raw,BR_GL_Transient_N_H2.raw,H2,Hydrophone,Prototype Hydrant 2 (Intersection hydrant),8000,407210,50.9012,BR,Branched,GL,Gasket Leak,1,Middle Pipe,N,Transient,Transient Flow (0.47 L/s to 0 L/s at t=20s),BR_GL_Transient_N
REC_0187,Dataset of Leak Simulations in Experimental Testbed Water Network/Hydrophone/Branched/Longitudinal Crack/BR_LC_0.18 LPS_N_H1.raw,BR_LC_0.18 LPS_N_H1.raw,H1,Hydrophone,Prototype Hydrant 1 (Mid-pipe residential mimic),8000,292960,36.62,BR,Branched,LC,Longitudinal Crack,1,Middle Pipe,N,0.18 LPS,0.18 L/s Steady Demand,BR_LC_0.18 LPS_N
REC_0188,Dataset of Leak Simulations in Experimental Testbed Water Network/Hydrophone/Branched/Longitudinal Crack/BR_LC_0.18 LPS_N_H2.raw,BR_LC_0.18 LPS_N_H2.raw,H2,Hydrophone,Prototype Hydrant 2 (Intersection hydrant),8000,292960,36.62,BR,Branched,LC,Longitudinal Crack,1,Middle Pipe,N,0.18 LPS,0.18 L/s Steady Demand,BR_LC_0.18 LPS_N
REC_0189,Dataset of Leak Simulations in Experimental Testbed Water Network/Hydrophone/Branched/Longitudinal Crack/BR_LC_0.47 LPS_N_H1.raw,BR_LC_0.47 LPS_N_H1.raw,H1,Hydrophone,Prototype Hydrant 1 (Mid-pipe residential mimic),8000,304710,38.0887,BR,Branched,LC,Longitudinal Crack,1,Middle Pipe,N,0.47 LPS,0.47 L/s Steady Demand,BR_LC_0.47 LPS_N
REC_0190,Dataset of Leak Simulations in Experimental Testbed Water Network/Hydrophone/Branched/Longitudinal Crack/BR_LC_0.47 LPS_N_H2.raw,BR_LC_0.47 LPS_N_H2.raw,H2,Hydrophone,Prototype Hydrant 2 (Intersection hydrant),8000,304710,38.0887,BR,Branched,LC,Longitudinal Crack,1,Middle Pipe,N,0.47 LPS,0.47 L/s Steady Demand,BR_LC_0.47 LPS_N
REC_0191,Dataset of Leak Simulations in Experimental Testbed Water Network/Hydrophone/Branched/Longitudinal Crack/BR_LC_ND_NN_H1.raw,BR_LC_ND_NN_H1.raw,H1,Hydrophone,Prototype Hydrant 1 (Mid-pipe residential mimic),8000,298460,37.3075,BR,Branched,LC,Longitudinal Crack,1,Middle Pipe,NN,ND,0 L/s No Demand,BR_LC_ND_NN
REC_0192,Dataset of Leak Simulations in Experimental Testbed Water Network/Hydrophone/Branched/Longitudinal Crack/BR_LC_ND_NN_H2.raw,BR_LC_ND_NN_H2.raw,H2,Hydrophone,Prototype Hydrant 2 (Intersection hydrant),8000,298460,37.3075,BR,Branched,LC,Longitudinal Crack,1,Middle Pipe,NN,ND,0 L/s No Demand,BR_LC_ND_NN
REC_0193,Dataset of Leak Simulations in Experimental Testbed Water Network/Hydrophone/Branched/Longitudinal Crack/BR_LC_ND_N_H1.raw,BR_LC_ND_N_H1.raw,H1,Hydrophone,Prototype Hydrant 1 (Mid-pipe residential mimic),8000,295210,36.9012,BR,Branched,LC,Longitudinal Crack,1,Middle Pipe,N,ND,0 L/s No Demand,BR_LC_ND_N
REC_0194,Dataset of Leak Simulations in Experimental Testbed Water Network/Hydrophone/Branched/Longitudinal Crack/BR_LC_ND_N_H2.raw,BR_LC_ND_N_H2.raw,H2,Hydrophone,Prototype Hydrant 2 (Intersection hydrant),8000,295210,36.9012,BR,Branched,LC,Longitudinal Crack,1,Middle Pipe,N,ND,0 L/s No Demand,BR_LC_ND_N
REC_0195,Dataset of Leak Simulations in Experimental Testbed Water Network/Hydrophone/Branched/Longitudinal Crack/BR_LC_Transient_NN_H1.raw,BR_LC_Transient_NN_H1.raw,H1,Hydrophone,Prototype Hydrant 1 (Mid-pipe residential mimic),8000,334210,41.7762,BR,Branched,LC,Longitudinal Crack,1,Middle Pipe,NN,Transient,Transient Flow (0.47 L/s to 0 L/s at t=20s),BR_LC_Transient_NN
REC_0196,Dataset of Leak Simulations in Experimental Testbed Water Network/Hydrophone/Branched/Longitudinal Crack/BR_LC_Transient_NN_H2.raw,BR_LC_Transient_NN_H2.raw,H2,Hydrophone,Prototype Hydrant 2 (Intersection hydrant),8000,334210,41.7762,BR,Branched,LC,Longitudinal Crack,1,Middle Pipe,NN,Transient,Transient Flow (0.47 L/s to 0 L/s at t=20s),BR_LC_Transient_NN
REC_0197,Dataset of Leak Simulations in Experimental Testbed Water Network/Hydrophone/Branched/Longitudinal Crack/BR_LC_Transient_N_H1.raw,BR_LC_Transient_N_H1.raw,H1,Hydrophone,Prototype Hydrant 1 (Mid-pipe residential mimic),8000,334960,41.87,BR,Branched,LC,Longitudinal Crack,1,Middle Pipe,N,Transient,Transient Flow (0.47 L/s to 0 L/s at t=20s),BR_LC_Transient_N
REC_0198,Dataset of Leak Simulations in Experimental Testbed Water Network/Hydrophone/Branched/Longitudinal Crack/BR_LC_Transient_N_H2.raw,BR_LC_Transient_N_H2.raw,H2,Hydrophone,Prototype Hydrant 2 (Intersection hydrant),8000,334960,41.87,BR,Branched,LC,Longitudinal Crack,1,Middle Pipe,N,Transient,Transient Flow (0.47 L/s to 0 L/s at t=20s),BR_LC_Transient_N
REC_0199,Dataset of Leak Simulations in Experimental Testbed Water Network/Hydrophone/Branched/No-leak/BR_NL_0.18 LPS_N_H1.raw,BR_NL_0.18 LPS_N_H1.raw,H1,Hydrophone,Prototype Hydrant 1 (Mid-pipe residential mimic),8000,279460,34.9325,BR,Branched,NL,No-leak,0,None,N,0.18 LPS,0.18 L/s Steady Demand,BR_NL_0.18 LPS_N
REC_0200,Dataset of Leak Simulations in Experimental Testbed Water Network/Hydrophone/Branched/No-leak/BR_NL_0.18 LPS_N_H2.raw,BR_NL_0.18 LPS_N_H2.raw,H2,Hydrophone,Prototype Hydrant 2 (Intersection hydrant),8000,279460,34.9325,BR,Branched,NL,No-leak,0,None,N,0.18 LPS,0.18 L/s Steady Demand,BR_NL_0.18 LPS_N
REC_0201,Dataset of Leak Simulations in Experimental Testbed Water Network/Hydrophone/Branched/No-leak/BR_NL_0.47 LPS_N_H1.raw,BR_NL_0.47 LPS_N_H1.raw,H1,Hydrophone,Prototype Hydrant 1 (Mid-pipe residential mimic),8000,291960,36.495,BR,Branched,NL,No-leak,0,None,N,0.47 LPS,0.47 L/s Steady Demand,BR_NL_0.47 LPS_N
REC_0202,Dataset of Leak Simulations in Experimental Testbed Water Network/Hydrophone/Branched/No-leak/BR_NL_0.47 LPS_N_H2.raw,BR_NL_0.47 LPS_N_H2.raw,H2,Hydrophone,Prototype Hydrant 2 (Intersection hydrant),8000,291960,36.495,BR,Branched,NL,No-leak,0,None,N,0.47 LPS,0.47 L/s Steady Demand,BR_NL_0.47 LPS_N
REC_0203,Dataset of Leak Simulations in Experimental Testbed Water Network/Hydrophone/Branched/No-leak/BR_NL_ND_NN_H1.raw,BR_NL_ND_NN_H1.raw,H1,Hydrophone,Prototype Hydrant 1 (Mid-pipe residential mimic),8000,291460,36.4325,BR,Branched,NL,No-leak,0,None,NN,ND,0 L/s No Demand,BR_NL_ND_NN
REC_0204,Dataset of Leak Simulations in Experimental Testbed Water Network/Hydrophone/Branched/No-leak/BR_NL_ND_NN_H2.raw,BR_NL_ND_NN_H2.raw,H2,Hydrophone,Prototype Hydrant 2 (Intersection hydrant),8000,291460,36.4325,BR,Branched,NL,No-leak,0,None,NN,ND,0 L/s No Demand,BR_NL_ND_NN
REC_0205,Dataset of Leak Simulations in Experimental Testbed Water Network/Hydrophone/Branched/No-leak/BR_NL_ND_N_H1.raw,BR_NL_ND_N_H1.raw,H1,Hydrophone,Prototype Hydrant 1 (Mid-pipe residential mimic),8000,306710,38.3387,BR,Branched,NL,No-leak,0,None,N,ND,0 L/s No Demand,BR_NL_ND_N
REC_0206,Dataset of Leak Simulations in Experimental Testbed Water Network/Hydrophone/Branched/No-leak/BR_NL_ND_N_H2.raw,BR_NL_ND_N_H2.raw,H2,Hydrophone,Prototype Hydrant 2 (Intersection hydrant),8000,306710,38.3387,BR,Branched,NL,No-leak,0,None,N,ND,0 L/s No Demand,BR_NL_ND_N
REC_0207,Dataset of Leak Simulations in Experimental Testbed Water Network/Hydrophone/Branched/No-leak/BR_NL_Transient_NN_H1.raw,BR_NL_Transient_NN_H1.raw,H1,Hydrophone,Prototype Hydrant 1 (Mid-pipe residential mimic),8000,369460,46.1825,BR,Branched,NL,No-leak,0,None,NN,Transient,Transient Flow (0.47 L/s to 0 L/s at t=20s),BR_NL_Transient_NN
REC_0208,Dataset of Leak Simulations in Experimental Testbed Water Network/Hydrophone/Branched/No-leak/BR_NL_Transient_NN_H2.raw,BR_NL_Transient_NN_H2.raw,H2,Hydrophone,Prototype Hydrant 2 (Intersection hydrant),8000,369460,46.1825,BR,Branched,NL,No-leak,0,None,NN,Transient,Transient Flow (0.47 L/s to 0 L/s at t=20s),BR_NL_Transient_NN
REC_0209,Dataset of Leak Simulations in Experimental Testbed Water Network/Hydrophone/Branched/No-leak/BR_NL_Transient_N_H1.raw,BR_NL_Transient_N_H1.raw,H1,Hydrophone,Prototype Hydrant 1 (Mid-pipe residential mimic),8000,490460,61.3075,BR,Branched,NL,No-leak,0,None,N,Transient,Transient Flow (0.47 L/s to 0 L/s at t=20s),BR_NL_Transient_N
REC_0210,Dataset of Leak Simulations in Experimental Testbed Water Network/Hydrophone/Branched/No-leak/BR_NL_Transient_N_H2.raw,BR_NL_Transient_N_H2.raw,H2,Hydrophone,Prototype Hydrant 2 (Intersection hydrant),8000,490460,61.3075,BR,Branched,NL,No-leak,0,None,N,Transient,Transient Flow (0.47 L/s to 0 L/s at t=20s),BR_NL_Transient_N
REC_0211,Dataset of Leak Simulations in Experimental Testbed Water Network/Hydrophone/Branched/Orifice Leak/BR_OL_0.18 LPS_N_H1.raw,BR_OL_0.18 LPS_N_H1.raw,H1,Hydrophone,Prototype Hydrant 1 (Mid-pipe residential mimic),8000,290210,36.2762,BR,Branched,OL,Orifice Leak,1,Middle Pipe,N,0.18 LPS,0.18 L/s Steady Demand,BR_OL_0.18 LPS_N
REC_0212,Dataset of Leak Simulations in Experimental Testbed Water Network/Hydrophone/Branched/Orifice Leak/BR_OL_0.18 LPS_N_H2.raw,BR_OL_0.18 LPS_N_H2.raw,H2,Hydrophone,Prototype Hydrant 2 (Intersection hydrant),8000,290210,36.2762,BR,Branched,OL,Orifice Leak,1,Middle Pipe,N,0.18 LPS,0.18 L/s Steady Demand,BR_OL_0.18 LPS_N
REC_0213,Dataset of Leak Simulations in Experimental Testbed Water Network/Hydrophone/Branched/Orifice Leak/BR_OL_0.47 LPS_N_H1.raw,BR_OL_0.47 LPS_N_H1.raw,H1,Hydrophone,Prototype Hydrant 1 (Mid-pipe residential mimic),8000,289460,36.1825,BR,Branched,OL,Orifice Leak,1,Middle Pipe,N,0.47 LPS,0.47 L/s Steady Demand,BR_OL_0.47 LPS_N
REC_0214,Dataset of Leak Simulations in Experimental Testbed Water Network/Hydrophone/Branched/Orifice Leak/BR_OL_0.47 LPS_N_H2.raw,BR_OL_0.47 LPS_N_H2.raw,H2,Hydrophone,Prototype Hydrant 2 (Intersection hydrant),8000,289460,36.1825,BR,Branched,OL,Orifice Leak,1,Middle Pipe,N,0.47 LPS,0.47 L/s Steady Demand,BR_OL_0.47 LPS_N
REC_0215,Dataset of Leak Simulations in Experimental Testbed Water Network/Hydrophone/Branched/Orifice Leak/BR_OL_ND_NN_H1.raw,BR_OL_ND_NN_H1.raw,H1,Hydrophone,Prototype Hydrant 1 (Mid-pipe residential mimic),8000,298960,37.37,BR,Branched,OL,Orifice Leak,1,Middle Pipe,NN,ND,0 L/s No Demand,BR_OL_ND_NN
REC_0216,Dataset of Leak Simulations in Experimental Testbed Water Network/Hydrophone/Branched/Orifice Leak/BR_OL_ND_NN_H2.raw,BR_OL_ND_NN_H2.raw,H2,Hydrophone,Prototype Hydrant 2 (Intersection hydrant),8000,298960,37.37,BR,Branched,OL,Orifice Leak,1,Middle Pipe,NN,ND,0 L/s No Demand,BR_OL_ND_NN
REC_0217,Dataset of Leak Simulations in Experimental Testbed Water Network/Hydrophone/Branched/Orifice Leak/BR_OL_ND_N_H1.raw,BR_OL_ND_N_H1.raw,H1,Hydrophone,Prototype Hydrant 1 (Mid-pipe residential mimic),8000,289960,36.245,BR,Branched,OL,Orifice Leak,1,Middle Pipe,N,ND,0 L/s No Demand,BR_OL_ND_N
REC_0218,Dataset of Leak Simulations in Experimental Testbed Water Network/Hydrophone/Branched/Orifice Leak/BR_OL_ND_N_H2.raw,BR_OL_ND_N_H2.raw,H2,Hydrophone,Prototype Hydrant 2 (Intersection hydrant),8000,289960,36.245,BR,Branched,OL,Orifice Leak,1,Middle Pipe,N,ND,0 L/s No Demand,BR_OL_ND_N
REC_0219,Dataset of Leak Simulations in Experimental Testbed Water Network/Hydrophone/Branched/Orifice Leak/BR_OL_Transient_NN_H1.raw,BR_OL_Transient_NN_H1.raw,H1,Hydrophone,Prototype Hydrant 1 (Mid-pipe residential mimic),8000,290210,36.2762,BR,Branched,OL,Orifice Leak,1,Middle Pipe,NN,Transient,Transient Flow (0.47 L/s to 0 L/s at t=20s),BR_OL_Transient_NN
REC_0220,Dataset of Leak Simulations in Experimental Testbed Water Network/Hydrophone/Branched/Orifice Leak/BR_OL_Transient_NN_H2.raw,BR_OL_Transient_NN_H2.raw,H2,Hydrophone,Prototype Hydrant 2 (Intersection hydrant),8000,290210,36.2762,BR,Branched,OL,Orifice Leak,1,Middle Pipe,NN,Transient,Transient Flow (0.47 L/s to 0 L/s at t=20s),BR_OL_Transient_NN
REC_0221,Dataset of Leak Simulations in Experimental Testbed Water Network/Hydrophone/Branched/Orifice Leak/BR_OL_Transient_N_H1.raw,BR_OL_Transient_N_H1.raw,H1,Hydrophone,Prototype Hydrant 1 (Mid-pipe residential mimic),8000,304710,38.0887,BR,Branched,OL,Orifice Leak,1,Middle Pipe,N,Transient,Transient Flow (0.47 L/s to 0 L/s at t=20s),BR_OL_Transient_N
REC_0222,Dataset of Leak Simulations in Experimental Testbed Water Network/Hydrophone/Branched/Orifice Leak/BR_OL_Transient_N_H2.raw,BR_OL_Transient_N_H2.raw,H2,Hydrophone,Prototype Hydrant 2 (Intersection hydrant),8000,304710,38.0887,BR,Branched,OL,Orifice Leak,1,Middle Pipe,N,Transient,Transient Flow (0.47 L/s to 0 L/s at t=20s),BR_OL_Transient_N
REC_0223,Dataset of Leak Simulations in Experimental Testbed Water Network/Hydrophone/Looped/Circumferential Crack/LO_CC_0.18 LPS_N_H1.raw,LO_CC_0.18 LPS_N_H1.raw,H1,Hydrophone,Prototype Hydrant 1 (Mid-pipe residential mimic),8000,307460,38.4325,LO,Looped,CC,Circumferential Crack,1,Middle Pipe,N,0.18 LPS,0.18 L/s Steady Demand,LO_CC_0.18 LPS_N
REC_0224,Dataset of Leak Simulations in Experimental Testbed Water Network/Hydrophone/Looped/Circumferential Crack/LO_CC_0.18 LPS_N_H2.raw,LO_CC_0.18 LPS_N_H2.raw,H2,Hydrophone,Prototype Hydrant 2 (Intersection hydrant),8000,307460,38.4325,LO,Looped,CC,Circumferential Crack,1,Middle Pipe,N,0.18 LPS,0.18 L/s Steady Demand,LO_CC_0.18 LPS_N
REC_0225,Dataset of Leak Simulations in Experimental Testbed Water Network/Hydrophone/Looped/Circumferential Crack/LO_CC_0.47 LPS_N_H1.raw,LO_CC_0.47 LPS_N_H1.raw,H1,Hydrophone,Prototype Hydrant 1 (Mid-pipe residential mimic),8000,320460,40.0575,LO,Looped,CC,Circumferential Crack,1,Middle Pipe,N,0.47 LPS,0.47 L/s Steady Demand,LO_CC_0.47 LPS_N
REC_0226,Dataset of Leak Simulations in Experimental Testbed Water Network/Hydrophone/Looped/Circumferential Crack/LO_CC_0.47 LPS_N_H2.raw,LO_CC_0.47 LPS_N_H2.raw,H2,Hydrophone,Prototype Hydrant 2 (Intersection hydrant),8000,320460,40.0575,LO,Looped,CC,Circumferential Crack,1,Middle Pipe,N,0.47 LPS,0.47 L/s Steady Demand,LO_CC_0.47 LPS_N
REC_0227,Dataset of Leak Simulations in Experimental Testbed Water Network/Hydrophone/Looped/Circumferential Crack/LO_CC_ND_NN_H1.raw,LO_CC_ND_NN_H1.raw,H1,Hydrophone,Prototype Hydrant 1 (Mid-pipe residential mimic),8000,288460,36.0575,LO,Looped,CC,Circumferential Crack,1,Middle Pipe,NN,ND,0 L/s No Demand,LO_CC_ND_NN
REC_0228,Dataset of Leak Simulations in Experimental Testbed Water Network/Hydrophone/Looped/Circumferential Crack/LO_CC_ND_NN_H2.raw,LO_CC_ND_NN_H2.raw,H2,Hydrophone,Prototype Hydrant 2 (Intersection hydrant),8000,288460,36.0575,LO,Looped,CC,Circumferential Crack,1,Middle Pipe,NN,ND,0 L/s No Demand,LO_CC_ND_NN
REC_0229,Dataset of Leak Simulations in Experimental Testbed Water Network/Hydrophone/Looped/Circumferential Crack/LO_CC_ND_N_H1.raw,LO_CC_ND_N_H1.raw,H1,Hydrophone,Prototype Hydrant 1 (Mid-pipe residential mimic),8000,299210,37.4012,LO,Looped,CC,Circumferential Crack,1,Middle Pipe,N,ND,0 L/s No Demand,LO_CC_ND_N
REC_0230,Dataset of Leak Simulations in Experimental Testbed Water Network/Hydrophone/Looped/Circumferential Crack/LO_CC_ND_N_H2.raw,LO_CC_ND_N_H2.raw,H2,Hydrophone,Prototype Hydrant 2 (Intersection hydrant),8000,299210,37.4012,LO,Looped,CC,Circumferential Crack,1,Middle Pipe,N,ND,0 L/s No Demand,LO_CC_ND_N
REC_0231,Dataset of Leak Simulations in Experimental Testbed Water Network/Hydrophone/Looped/Circumferential Crack/LO_CC_Transient_NN_H1.raw,LO_CC_Transient_NN_H1.raw,H1,Hydrophone,Prototype Hydrant 1 (Mid-pipe residential mimic),8000,289960,36.245,LO,Looped,CC,Circumferential Crack,1,Middle Pipe,NN,Transient,Transient Flow (0.47 L/s to 0 L/s at t=20s),LO_CC_Transient_NN
REC_0232,Dataset of Leak Simulations in Experimental Testbed Water Network/Hydrophone/Looped/Circumferential Crack/LO_CC_Transient_NN_H2.raw,LO_CC_Transient_NN_H2.raw,H2,Hydrophone,Prototype Hydrant 2 (Intersection hydrant),8000,289960,36.245,LO,Looped,CC,Circumferential Crack,1,Middle Pipe,NN,Transient,Transient Flow (0.47 L/s to 0 L/s at t=20s),LO_CC_Transient_NN
REC_0233,Dataset of Leak Simulations in Experimental Testbed Water Network/Hydrophone/Looped/Circumferential Crack/LO_CC_Transient_N_H1.raw,LO_CC_Transient_N_H1.raw,H1,Hydrophone,Prototype Hydrant 1 (Mid-pipe residential mimic),8000,311710,38.9637,LO,Looped,CC,Circumferential Crack,1,Middle Pipe,N,Transient,Transient Flow (0.47 L/s to 0 L/s at t=20s),LO_CC_Transient_N
REC_0234,Dataset of Leak Simulations in Experimental Testbed Water Network/Hydrophone/Looped/Circumferential Crack/LO_CC_Transient_N_H2.raw,LO_CC_Transient_N_H2.raw,H2,Hydrophone,Prototype Hydrant 2 (Intersection hydrant),8000,311710,38.9637,LO,Looped,CC,Circumferential Crack,1,Middle Pipe,N,Transient,Transient Flow (0.47 L/s to 0 L/s at t=20s),LO_CC_Transient_N
REC_0235,Dataset of Leak Simulations in Experimental Testbed Water Network/Hydrophone/Looped/Gasket Leak/LO_GL_0.18 LPS_N_H1.raw,LO_GL_0.18 LPS_N_H1.raw,H1,Hydrophone,Prototype Hydrant 1 (Mid-pipe residential mimic),8000,292460,36.5575,LO,Looped,GL,Gasket Leak,1,Middle Pipe,N,0.18 LPS,0.18 L/s Steady Demand,LO_GL_0.18 LPS_N
REC_0236,Dataset of Leak Simulations in Experimental Testbed Water Network/Hydrophone/Looped/Gasket Leak/LO_GL_0.18 LPS_N_H2.raw,LO_GL_0.18 LPS_N_H2.raw,H2,Hydrophone,Prototype Hydrant 2 (Intersection hydrant),8000,292460,36.5575,LO,Looped,GL,Gasket Leak,1,Middle Pipe,N,0.18 LPS,0.18 L/s Steady Demand,LO_GL_0.18 LPS_N
REC_0237,Dataset of Leak Simulations in Experimental Testbed Water Network/Hydrophone/Looped/Gasket Leak/LO_GL_0.47 LPS_N_H1.raw,LO_GL_0.47 LPS_N_H1.raw,H1,Hydrophone,Prototype Hydrant 1 (Mid-pipe residential mimic),8000,292960,36.62,LO,Looped,GL,Gasket Leak,1,Middle Pipe,N,0.47 LPS,0.47 L/s Steady Demand,LO_GL_0.47 LPS_N
REC_0238,Dataset of Leak Simulations in Experimental Testbed Water Network/Hydrophone/Looped/Gasket Leak/LO_GL_0.47 LPS_N_H2.raw,LO_GL_0.47 LPS_N_H2.raw,H2,Hydrophone,Prototype Hydrant 2 (Intersection hydrant),8000,292960,36.62,LO,Looped,GL,Gasket Leak,1,Middle Pipe,N,0.47 LPS,0.47 L/s Steady Demand,LO_GL_0.47 LPS_N
REC_0239,Dataset of Leak Simulations in Experimental Testbed Water Network/Hydrophone/Looped/Gasket Leak/LO_GL_ND_NN_H1.raw,LO_GL_ND_NN_H1.raw,H1,Hydrophone,Prototype Hydrant 1 (Mid-pipe residential mimic),8000,291460,36.4325,LO,Looped,GL,Gasket Leak,1,Middle Pipe,NN,ND,0 L/s No Demand,LO_GL_ND_NN
REC_0240,Dataset of Leak Simulations in Experimental Testbed Water Network/Hydrophone/Looped/Gasket Leak/LO_GL_ND_NN_H2.raw,LO_GL_ND_NN_H2.raw,H2,Hydrophone,Prototype Hydrant 2 (Intersection hydrant),8000,291460,36.4325,LO,Looped,GL,Gasket Leak,1,Middle Pipe,NN,ND,0 L/s No Demand,LO_GL_ND_NN
REC_0241,Dataset of Leak Simulations in Experimental Testbed Water Network/Hydrophone/Looped/Gasket Leak/LO_GL_ND_N_H1.raw,LO_GL_ND_N_H1.raw,H1,Hydrophone,Prototype Hydrant 1 (Mid-pipe residential mimic),8000,291960,36.495,LO,Looped,GL,Gasket Leak,1,Middle Pipe,N,ND,0 L/s No Demand,LO_GL_ND_N
REC_0242,Dataset of Leak Simulations in Experimental Testbed Water Network/Hydrophone/Looped/Gasket Leak/LO_GL_ND_N_H2.raw,LO_GL_ND_N_H2.raw,H2,Hydrophone,Prototype Hydrant 2 (Intersection hydrant),8000,291960,36.495,LO,Looped,GL,Gasket Leak,1,Middle Pipe,N,ND,0 L/s No Demand,LO_GL_ND_N
REC_0243,Dataset of Leak Simulations in Experimental Testbed Water Network/Hydrophone/Looped/Gasket Leak/LO_GL_Transient_NN_H1.raw,LO_GL_Transient_NN_H1.raw,H1,Hydrophone,Prototype Hydrant 1 (Mid-pipe residential mimic),8000,302710,37.8387,LO,Looped,GL,Gasket Leak,1,Middle Pipe,NN,Transient,Transient Flow (0.47 L/s to 0 L/s at t=20s),LO_GL_Transient_NN
REC_0244,Dataset of Leak Simulations in Experimental Testbed Water Network/Hydrophone/Looped/Gasket Leak/LO_GL_Transient_NN_H2.raw,LO_GL_Transient_NN_H2.raw,H2,Hydrophone,Prototype Hydrant 2 (Intersection hydrant),8000,302710,37.8387,LO,Looped,GL,Gasket Leak,1,Middle Pipe,NN,Transient,Transient Flow (0.47 L/s to 0 L/s at t=20s),LO_GL_Transient_NN
REC_0245,Dataset of Leak Simulations in Experimental Testbed Water Network/Hydrophone/Looped/Gasket Leak/LO_GL_Transient_N_H1.raw,LO_GL_Transient_N_H1.raw,H1,Hydrophone,Prototype Hydrant 1 (Mid-pipe residential mimic),8000,295960,36.995,LO,Looped,GL,Gasket Leak,1,Middle Pipe,N,Transient,Transient Flow (0.47 L/s to 0 L/s at t=20s),LO_GL_Transient_N
REC_0246,Dataset of Leak Simulations in Experimental Testbed Water Network/Hydrophone/Looped/Gasket Leak/LO_GL_Transient_N_H2.raw,LO_GL_Transient_N_H2.raw,H2,Hydrophone,Prototype Hydrant 2 (Intersection hydrant),8000,295960,36.995,LO,Looped,GL,Gasket Leak,1,Middle Pipe,N,Transient,Transient Flow (0.47 L/s to 0 L/s at t=20s),LO_GL_Transient_N
REC_0247,Dataset of Leak Simulations in Experimental Testbed Water Network/Hydrophone/Looped/Longitudinal Crack/LO_LC_0.18 LPS_N_H1.raw,LO_LC_0.18 LPS_N_H1.raw,H1,Hydrophone,Prototype Hydrant 1 (Mid-pipe residential mimic),8000,295710,36.9637,LO,Looped,LC,Longitudinal Crack,1,Middle Pipe,N,0.18 LPS,0.18 L/s Steady Demand,LO_LC_0.18 LPS_N
REC_0248,Dataset of Leak Simulations in Experimental Testbed Water Network/Hydrophone/Looped/Longitudinal Crack/LO_LC_0.18 LPS_N_H2.raw,LO_LC_0.18 LPS_N_H2.raw,H2,Hydrophone,Prototype Hydrant 2 (Intersection hydrant),8000,295710,36.9637,LO,Looped,LC,Longitudinal Crack,1,Middle Pipe,N,0.18 LPS,0.18 L/s Steady Demand,LO_LC_0.18 LPS_N
REC_0249,Dataset of Leak Simulations in Experimental Testbed Water Network/Hydrophone/Looped/Longitudinal Crack/LO_LC_0.47 LPS_N_H1.raw,LO_LC_0.47 LPS_N_H1.raw,H1,Hydrophone,Prototype Hydrant 1 (Mid-pipe residential mimic),8000,292460,36.5575,LO,Looped,LC,Longitudinal Crack,1,Middle Pipe,N,0.47 LPS,0.47 L/s Steady Demand,LO_LC_0.47 LPS_N
REC_0250,Dataset of Leak Simulations in Experimental Testbed Water Network/Hydrophone/Looped/Longitudinal Crack/LO_LC_0.47 LPS_N_H2.raw,LO_LC_0.47 LPS_N_H2.raw,H2,Hydrophone,Prototype Hydrant 2 (Intersection hydrant),8000,292460,36.5575,LO,Looped,LC,Longitudinal Crack,1,Middle Pipe,N,0.47 LPS,0.47 L/s Steady Demand,LO_LC_0.47 LPS_N
REC_0251,Dataset of Leak Simulations in Experimental Testbed Water Network/Hydrophone/Looped/Longitudinal Crack/LO_LC_ND_NN_H1.raw,LO_LC_ND_NN_H1.raw,H1,Hydrophone,Prototype Hydrant 1 (Mid-pipe residential mimic),8000,287960,35.995,LO,Looped,LC,Longitudinal Crack,1,Middle Pipe,NN,ND,0 L/s No Demand,LO_LC_ND_NN
REC_0252,Dataset of Leak Simulations in Experimental Testbed Water Network/Hydrophone/Looped/Longitudinal Crack/LO_LC_ND_NN_H2.raw,LO_LC_ND_NN_H2.raw,H2,Hydrophone,Prototype Hydrant 2 (Intersection hydrant),8000,287960,35.995,LO,Looped,LC,Longitudinal Crack,1,Middle Pipe,NN,ND,0 L/s No Demand,LO_LC_ND_NN
REC_0253,Dataset of Leak Simulations in Experimental Testbed Water Network/Hydrophone/Looped/Longitudinal Crack/LO_LC_ND_N_H1.raw,LO_LC_ND_N_H1.raw,H1,Hydrophone,Prototype Hydrant 1 (Mid-pipe residential mimic),8000,302710,37.8387,LO,Looped,LC,Longitudinal Crack,1,Middle Pipe,N,ND,0 L/s No Demand,LO_LC_ND_N
REC_0254,Dataset of Leak Simulations in Experimental Testbed Water Network/Hydrophone/Looped/Longitudinal Crack/LO_LC_ND_N_H2.raw,LO_LC_ND_N_H2.raw,H2,Hydrophone,Prototype Hydrant 2 (Intersection hydrant),8000,302710,37.8387,LO,Looped,LC,Longitudinal Crack,1,Middle Pipe,N,ND,0 L/s No Demand,LO_LC_ND_N
REC_0255,Dataset of Leak Simulations in Experimental Testbed Water Network/Hydrophone/Looped/Longitudinal Crack/LO_LC_Transient_NN_H1.raw,LO_LC_Transient_NN_H1.raw,H1,Hydrophone,Prototype Hydrant 1 (Mid-pipe residential mimic),8000,290460,36.3075,LO,Looped,LC,Longitudinal Crack,1,Middle Pipe,NN,Transient,Transient Flow (0.47 L/s to 0 L/s at t=20s),LO_LC_Transient_NN
REC_0256,Dataset of Leak Simulations in Experimental Testbed Water Network/Hydrophone/Looped/Longitudinal Crack/LO_LC_Transient_NN_H2.raw,LO_LC_Transient_NN_H2.raw,H2,Hydrophone,Prototype Hydrant 2 (Intersection hydrant),8000,290460,36.3075,LO,Looped,LC,Longitudinal Crack,1,Middle Pipe,NN,Transient,Transient Flow (0.47 L/s to 0 L/s at t=20s),LO_LC_Transient_NN
REC_0257,Dataset of Leak Simulations in Experimental Testbed Water Network/Hydrophone/Looped/Longitudinal Crack/LO_LC_Transient_N_H1.raw,LO_LC_Transient_N_H1.raw,H1,Hydrophone,Prototype Hydrant 1 (Mid-pipe residential mimic),8000,300960,37.62,LO,Looped,LC,Longitudinal Crack,1,Middle Pipe,N,Transient,Transient Flow (0.47 L/s to 0 L/s at t=20s),LO_LC_Transient_N
REC_0258,Dataset of Leak Simulations in Experimental Testbed Water Network/Hydrophone/Looped/Longitudinal Crack/LO_LC_Transient_N_H2.raw,LO_LC_Transient_N_H2.raw,H2,Hydrophone,Prototype Hydrant 2 (Intersection hydrant),8000,300960,37.62,LO,Looped,LC,Longitudinal Crack,1,Middle Pipe,N,Transient,Transient Flow (0.47 L/s to 0 L/s at t=20s),LO_LC_Transient_N
REC_0259,Dataset of Leak Simulations in Experimental Testbed Water Network/Hydrophone/Looped/No-leak/LO_NL_0.18 LPS_N_H1.raw,LO_NL_0.18 LPS_N_H1.raw,H1,Hydrophone,Prototype Hydrant 1 (Mid-pipe residential mimic),8000,289960,36.245,LO,Looped,NL,No-leak,0,None,N,0.18 LPS,0.18 L/s Steady Demand,LO_NL_0.18 LPS_N
REC_0260,Dataset of Leak Simulations in Experimental Testbed Water Network/Hydrophone/Looped/No-leak/LO_NL_0.18 LPS_N_H2.raw,LO_NL_0.18 LPS_N_H2.raw,H2,Hydrophone,Prototype Hydrant 2 (Intersection hydrant),8000,289960,36.245,LO,Looped,NL,No-leak,0,None,N,0.18 LPS,0.18 L/s Steady Demand,LO_NL_0.18 LPS_N
REC_0261,Dataset of Leak Simulations in Experimental Testbed Water Network/Hydrophone/Looped/No-leak/LO_NL_0.47 LPS_N_H1.raw,LO_NL_0.47 LPS_N_H1.raw,H1,Hydrophone,Prototype Hydrant 1 (Mid-pipe residential mimic),8000,314710,39.3387,LO,Looped,NL,No-leak,0,None,N,0.47 LPS,0.47 L/s Steady Demand,LO_NL_0.47 LPS_N
REC_0262,Dataset of Leak Simulations in Experimental Testbed Water Network/Hydrophone/Looped/No-leak/LO_NL_0.47 LPS_N_H2.raw,LO_NL_0.47 LPS_N_H2.raw,H2,Hydrophone,Prototype Hydrant 2 (Intersection hydrant),8000,314710,39.3387,LO,Looped,NL,No-leak,0,None,N,0.47 LPS,0.47 L/s Steady Demand,LO_NL_0.47 LPS_N
REC_0263,Dataset of Leak Simulations in Experimental Testbed Water Network/Hydrophone/Looped/No-leak/LO_NL_ND_NN_H1.raw,LO_NL_ND_NN_H1.raw,H1,Hydrophone,Prototype Hydrant 1 (Mid-pipe residential mimic),8000,290460,36.3075,LO,Looped,NL,No-leak,0,None,NN,ND,0 L/s No Demand,LO_NL_ND_NN
REC_0264,Dataset of Leak Simulations in Experimental Testbed Water Network/Hydrophone/Looped/No-leak/LO_NL_ND_NN_H2.raw,LO_NL_ND_NN_H2.raw,H2,Hydrophone,Prototype Hydrant 2 (Intersection hydrant),8000,290460,36.3075,LO,Looped,NL,No-leak,0,None,NN,ND,0 L/s No Demand,LO_NL_ND_NN
REC_0265,Dataset of Leak Simulations in Experimental Testbed Water Network/Hydrophone/Looped/No-leak/LO_NL_ND_N_H1.raw,LO_NL_ND_N_H1.raw,H1,Hydrophone,Prototype Hydrant 1 (Mid-pipe residential mimic),8000,345960,43.245,LO,Looped,NL,No-leak,0,None,N,ND,0 L/s No Demand,LO_NL_ND_N
REC_0266,Dataset of Leak Simulations in Experimental Testbed Water Network/Hydrophone/Looped/No-leak/LO_NL_ND_N_H2.raw,LO_NL_ND_N_H2.raw,H2,Hydrophone,Prototype Hydrant 2 (Intersection hydrant),8000,345960,43.245,LO,Looped,NL,No-leak,0,None,N,ND,0 L/s No Demand,LO_NL_ND_N
REC_0267,Dataset of Leak Simulations in Experimental Testbed Water Network/Hydrophone/Looped/No-leak/LO_NL_Transient_NN_H1.raw,LO_NL_Transient_NN_H1.raw,H1,Hydrophone,Prototype Hydrant 1 (Mid-pipe residential mimic),8000,285960,35.745,LO,Looped,NL,No-leak,0,None,NN,Transient,Transient Flow (0.47 L/s to 0 L/s at t=20s),LO_NL_Transient_NN
REC_0268,Dataset of Leak Simulations in Experimental Testbed Water Network/Hydrophone/Looped/No-leak/LO_NL_Transient_NN_H2.raw,LO_NL_Transient_NN_H2.raw,H2,Hydrophone,Prototype Hydrant 2 (Intersection hydrant),8000,285960,35.745,LO,Looped,NL,No-leak,0,None,NN,Transient,Transient Flow (0.47 L/s to 0 L/s at t=20s),LO_NL_Transient_NN
REC_0269,Dataset of Leak Simulations in Experimental Testbed Water Network/Hydrophone/Looped/No-leak/LO_NL_Transient_N_H1.raw,LO_NL_Transient_N_H1.raw,H1,Hydrophone,Prototype Hydrant 1 (Mid-pipe residential mimic),8000,288710,36.0887,LO,Looped,NL,No-leak,0,None,N,Transient,Transient Flow (0.47 L/s to 0 L/s at t=20s),LO_NL_Transient_N
REC_0270,Dataset of Leak Simulations in Experimental Testbed Water Network/Hydrophone/Looped/No-leak/LO_NL_Transient_N_H2.raw,LO_NL_Transient_N_H2.raw,H2,Hydrophone,Prototype Hydrant 2 (Intersection hydrant),8000,288710,36.0887,LO,Looped,NL,No-leak,0,None,N,Transient,Transient Flow (0.47 L/s to 0 L/s at t=20s),LO_NL_Transient_N
REC_0271,Dataset of Leak Simulations in Experimental Testbed Water Network/Hydrophone/Looped/Orifice Leak/LO_OL_0.18 LPS_N_H1.raw,LO_OL_0.18 LPS_N_H1.raw,H1,Hydrophone,Prototype Hydrant 1 (Mid-pipe residential mimic),8000,294960,36.87,LO,Looped,OL,Orifice Leak,1,Middle Pipe,N,0.18 LPS,0.18 L/s Steady Demand,LO_OL_0.18 LPS_N
REC_0272,Dataset of Leak Simulations in Experimental Testbed Water Network/Hydrophone/Looped/Orifice Leak/LO_OL_0.18 LPS_N_H2.raw,LO_OL_0.18 LPS_N_H2.raw,H2,Hydrophone,Prototype Hydrant 2 (Intersection hydrant),8000,294960,36.87,LO,Looped,OL,Orifice Leak,1,Middle Pipe,N,0.18 LPS,0.18 L/s Steady Demand,LO_OL_0.18 LPS_N
REC_0273,Dataset of Leak Simulations in Experimental Testbed Water Network/Hydrophone/Looped/Orifice Leak/LO_OL_0.47 LPS_N_H1.raw,LO_OL_0.47 LPS_N_H1.raw,H1,Hydrophone,Prototype Hydrant 1 (Mid-pipe residential mimic),8000,291210,36.4012,LO,Looped,OL,Orifice Leak,1,Middle Pipe,N,0.47 LPS,0.47 L/s Steady Demand,LO_OL_0.47 LPS_N
REC_0274,Dataset of Leak Simulations in Experimental Testbed Water Network/Hydrophone/Looped/Orifice Leak/LO_OL_0.47 LPS_N_H2.raw,LO_OL_0.47 LPS_N_H2.raw,H2,Hydrophone,Prototype Hydrant 2 (Intersection hydrant),8000,291210,36.4012,LO,Looped,OL,Orifice Leak,1,Middle Pipe,N,0.47 LPS,0.47 L/s Steady Demand,LO_OL_0.47 LPS_N
REC_0275,Dataset of Leak Simulations in Experimental Testbed Water Network/Hydrophone/Looped/Orifice Leak/LO_OL_ND_NN_H1.raw,LO_OL_ND_NN_H1.raw,H1,Hydrophone,Prototype Hydrant 1 (Mid-pipe residential mimic),8000,288710,36.0887,LO,Looped,OL,Orifice Leak,1,Middle Pipe,NN,ND,0 L/s No Demand,LO_OL_ND_NN
REC_0276,Dataset of Leak Simulations in Experimental Testbed Water Network/Hydrophone/Looped/Orifice Leak/LO_OL_ND_NN_H2.raw,LO_OL_ND_NN_H2.raw,H2,Hydrophone,Prototype Hydrant 2 (Intersection hydrant),8000,288710,36.0887,LO,Looped,OL,Orifice Leak,1,Middle Pipe,NN,ND,0 L/s No Demand,LO_OL_ND_NN
REC_0277,Dataset of Leak Simulations in Experimental Testbed Water Network/Hydrophone/Looped/Orifice Leak/LO_OL_ND_N_H1.raw,LO_OL_ND_N_H1.raw,H1,Hydrophone,Prototype Hydrant 1 (Mid-pipe residential mimic),8000,292210,36.5262,LO,Looped,OL,Orifice Leak,1,Middle Pipe,N,ND,0 L/s No Demand,LO_OL_ND_N
REC_0278,Dataset of Leak Simulations in Experimental Testbed Water Network/Hydrophone/Looped/Orifice Leak/LO_OL_ND_N_H2.raw,LO_OL_ND_N_H2.raw,H2,Hydrophone,Prototype Hydrant 2 (Intersection hydrant),8000,292210,36.5262,LO,Looped,OL,Orifice Leak,1,Middle Pipe,N,ND,0 L/s No Demand,LO_OL_ND_N
REC_0279,Dataset of Leak Simulations in Experimental Testbed Water Network/Hydrophone/Looped/Orifice Leak/LO_OL_Transient_NN_H1.raw,LO_OL_Transient_NN_H1.raw,H1,Hydrophone,Prototype Hydrant 1 (Mid-pipe residential mimic),8000,295960,36.995,LO,Looped,OL,Orifice Leak,1,Middle Pipe,NN,Transient,Transient Flow (0.47 L/s to 0 L/s at t=20s),LO_OL_Transient_NN
REC_0280,Dataset of Leak Simulations in Experimental Testbed Water Network/Hydrophone/Looped/Orifice Leak/LO_OL_Transient_NN_H2.raw,LO_OL_Transient_NN_H2.raw,H2,Hydrophone,Prototype Hydrant 2 (Intersection hydrant),8000,295960,36.995,LO,Looped,OL,Orifice Leak,1,Middle Pipe,NN,Transient,Transient Flow (0.47 L/s to 0 L/s at t=20s),LO_OL_Transient_NN
REC_0281,Dataset of Leak Simulations in Experimental Testbed Water Network/Hydrophone/Looped/Orifice Leak/LO_OL_Transient_N_H1.raw,LO_OL_Transient_N_H1.raw,H1,Hydrophone,Prototype Hydrant 1 (Mid-pipe residential mimic),8000,296460,37.0575,LO,Looped,OL,Orifice Leak,1,Middle Pipe,N,Transient,Transient Flow (0.47 L/s to 0 L/s at t=20s),LO_OL_Transient_N
REC_0282,Dataset of Leak Simulations in Experimental Testbed Water Network/Hydrophone/Looped/Orifice Leak/LO_OL_Transient_N_H2.raw,LO_OL_Transient_N_H2.raw,H2,Hydrophone,Prototype Hydrant 2 (Intersection hydrant),8000,296460,37.0575,LO,Looped,OL,Orifice Leak,1,Middle Pipe,N,Transient,Transient Flow (0.47 L/s to 0 L/s at t=20s),LO_OL_Transient_N
