recording_id,file_name,sensor_id,sensor_type,experiment_id,total_samples,duration_s,nans,infs,is_constant,clip_count,min,max,mean,std,rms
REC_0001,BR_CC_0.18 LPS_A1.csv,A1,Accelerometer,BR_CC_0.18 LPS_N,923488,36.07371094,0,0,False,0,-0.03096170164644718,0.029175197705626488,0.0001397145097143948,0.0057596927508711815,0.005761387292295694
REC_0002,BR_CC_0.18 LPS_A2.csv,A2,Accelerometer,BR_CC_0.18 LPS_N,917996,35.85917969,0,0,False,0,-0.005148295778781176,0.005268701817840338,0.0002021376130869612,0.0011870600283145905,0.0012041475856676698
REC_0003,BR_CC_0.47 LPS_A1.csv,A1,Accelerometer,BR_CC_0.47 LPS_N,896801,35.03125,0,0,False,0,-0.06794843822717667,0.06912007927894592,-0.0004987750435248017,0.01335984654724598,0.013369153253734112
REC_0004,BR_CC_0.47 LPS_A2.csv,A2,Accelerometer,BR_CC_0.47 LPS_N,918966,35.89707031,0,0,False,0,-0.013460329733788967,0.006159150041639805,-0.0015039605787023902,0.0022234374191612005,0.0026843196246773005
REC_0005,BR_CC_ND_A1.csv,A1,Accelerometer,BR_CC_ND_N,933603,36.46882813,0,0,False,0,-0.004307880997657776,0.005096538923680782,0.00014714323333464563,0.001034130691550672,0.0010445466032251716
REC_0006,BR_CC_ND_A2.csv,A2,Accelerometer,BR_CC_ND_N,940956,36.75605469,0,0,False,0,-0.006702284794300795,0.006850535981357098,0.000215912310522981,0.0015766654396429658,0.0015913804527372122
REC_0007,BR_CC_Transient_A1.csv,A1,Accelerometer,BR_CC_Transient_N,929361,36.303125,0,0,False,0,-0.13626371324062347,0.14052554965019226,0.00014266888319980353,0.011848000809550285,0.011848860420286655
REC_0008,BR_CC_Transient_A2.csv,A2,Accelerometer,BR_CC_Transient_N,936567,36.58460938,0,0,False,0,-0.21621470153331757,0.2381821870803833,0.00020380094065330923,0.001865677535533905,0.0018767754081636667
REC_0009,BR_GL_0.18 LPS_A1.csv,A1,Accelerometer,BR_GL_0.18 LPS_N,920697,35.9646875,0,0,False,0,-0.028189968317747116,0.02723456546664238,-0.00040062269545160234,0.005983465351164341,0.005996861960738897
REC_0010,BR_GL_0.18 LPS_A2.csv,A2,Accelerometer,BR_GL_0.18 LPS_N,920954,35.97472656,0,0,False,0,-0.015238262712955475,0.011924252845346928,-0.0010510495631024241,0.0029375720769166946,0.003119942033663392
REC_0011,BR_GL_0.47 LPS_A1.csv,A1,Accelerometer,BR_GL_0.47 LPS_N,924328,36.10652344,0,0,False,0,-0.06204647570848465,0.06181164085865021,0.00019451571279205382,0.014102723449468613,0.01410406082868576
REC_0012,BR_GL_0.47 LPS_A2.csv,A2,Accelerometer,BR_GL_0.47 LPS_N,935084,36.52667969,0,0,False,0,-0.015539227053523064,0.01605834811925888,0.00015133577107917517,0.003619602881371975,0.003622765652835369
REC_0013,BR_GL_ND_A1.csv,A1,Accelerometer,BR_GL_ND_N,924180,36.10074219,0,0,False,0,-0.004436340183019638,0.00535405520349741,0.000233888000366278,0.0010481502395123243,0.0010739285498857498
REC_0014,BR_GL_ND_A2.csv,A2,Accelerometer,BR_GL_ND_N,926676,36.19824219,0,0,False,0,-0.010085158050060272,0.013714035972952843,0.00020821165526285768,0.0025759865529835224,0.002584387781098485
REC_0015,BR_GL_Transient_A1.csv,A1,Accelerometer,BR_GL_Transient_N,928290,36.26128906,0,0,False,0,-0.17431995272636414,0.14745758473873138,0.00024294752802234143,0.011963105760514736,0.011965572834014893
REC_0016,BR_GL_Transient_A2.csv,A2,Accelerometer,BR_GL_Transient_N,901411,35.21132813,0,0,False,0,-0.011491628363728523,0.014166665263473988,0.0002404772531008348,0.0025292460341006517,0.0025406526401638985
REC_0017,BR_LC_0.18 LPS_A1.csv,A1,Accelerometer,BR_LC_0.18 LPS_N,923799,36.08585938,0,0,False,0,-0.041599929332733154,0.03235023468732834,-0.0004423150676302612,0.006428976077586412,0.006444173865020275
REC_0018,BR_LC_0.18 LPS_A2.csv,A2,Accelerometer,BR_LC_0.18 LPS_N,869713,33.973125,0,0,False,0,-0.01012603659182787,0.005177464801818132,-0.0013160855742171407,0.0016414555720984936,0.002103914972394705
REC_0019,BR_LC_0.47 LPS_A1.csv,A1,Accelerometer,BR_LC_0.47 LPS_N,931783,36.39773438,0,0,False,0,-0.0699559897184372,0.06269113719463348,0.00012184637307655066,0.014201955869793892,0.014202476479113102
REC_0020,BR_LC_0.47 LPS_A2.csv,A2,Accelerometer,BR_LC_0.47 LPS_N,942458,36.81472656,0,0,False,0,-0.01127597689628601,0.010905244387686253,0.00018837575044017285,0.0021509614307433367,0.002159194787964225
REC_0021,BR_LC_ND_A1.csv,A1,Accelerometer,BR_LC_ND_N,926490,36.19097656,0,0,False,0,-0.0037982258945703506,0.003608203027397394,0.0001234480005223304,0.0008318080217577517,0.0008409185684286058
REC_0022,BR_LC_ND_A2.csv,A2,Accelerometer,BR_LC_ND_N,950931,37.14570313,0,0,False,0,-0.00915323942899704,0.008051426149904728,0.0001842499477788806,0.0016372973332181573,0.0016476315213367343
REC_0023,BR_LC_Transient_A1.csv,A1,Accelerometer,BR_LC_Transient_N,1048572,40.95980469,0,0,False,0,-0.06936387717723846,0.06089211255311966,0.0001201506529469043,0.010692035779356956,0.010692710988223553
REC_0024,BR_LC_Transient_A2.csv,A2,Accelerometer,BR_LC_Transient_N,940210,36.72691406,0,0,False,0,-0.012101256288588047,0.008495168760418892,0.0002018046216107905,0.0019140637014061213,0.0019246723968535662
REC_0025,BR_NL_0.18 LPS_A1.csv,A1,Accelerometer,BR_NL_0.18 LPS_N,921800,36.00777344,0,0,False,0,-0.026424996554851532,0.026842614635825157,0.00010877227032324299,0.005496866535395384,0.005497942212969065
REC_0026,BR_NL_0.18 LPS_A2.csv,A2,Accelerometer,BR_NL_0.18 LPS_N,921831,36.00898438,0,0,False,0,-0.011867239139974117,0.015112803317606449,0.00016318644338753074,0.0030340924859046936,0.0030384778510779142
REC_0027,BR_NL_0.47 LPS_A1.csv,A1,Accelerometer,BR_NL_0.47 LPS_N,917505,35.84,0,0,False,0,-0.06239062547683716,0.0665634423494339,0.0001104923285311088,0.014072134159505367,0.014072569087147713
REC_0028,BR_NL_0.47 LPS_A2.csv,A2,Accelerometer,BR_NL_0.47 LPS_N,927266,36.22128906,0,0,False,0,-0.013988791964948177,0.017375951632857323,0.00016944068192970008,0.0030147505458444357,0.003019507974386215
REC_0029,BR_NL_ND_A1.csv,A1,Accelerometer,BR_NL_ND_N,924709,36.12140625,0,0,False,0,-0.003335772082209587,0.003259869059547782,0.00011464276758488268,0.0006448134663514793,0.0006549254758283496
REC_0030,BR_NL_ND_A2.csv,A2,Accelerometer,BR_NL_ND_N,918980,35.89761719,0,0,False,0,-0.013220389373600483,0.029672784730792046,0.00010753640526672825,0.003011705819517374,0.003013624344021082
REC_0031,BR_NL_Transient_A1.csv,A1,Accelerometer,BR_NL_Transient_N,936598,36.58582031,0,0,False,0,-0.07890094071626663,0.0703514963388443,0.00012678190250881016,0.011635647155344486,0.011636339128017426
REC_0032,BR_NL_Transient_A2.csv,A2,Accelerometer,BR_NL_Transient_N,937073,36.604375,0,0,False,0,-0.016594966873526573,0.016404930502176285,0.00018833865760825574,0.003306023310869932,0.003311383770778775
REC_0033,BR_OL_0.18 LPS_A1.csv,A1,Accelerometer,BR_OL_0.18 LPS_N,918931,35.89570313,0,0,False,0,-0.03132795915007591,0.02619016170501709,0.00014083893620409071,0.005373805295675993,0.005375650245696306
REC_0034,BR_OL_0.18 LPS_A2.csv,A2,Accelerometer,BR_OL_0.18 LPS_N,924200,36.10152344,0,0,False,0,-0.013527869246900082,0.016849858686327934,0.00021965384075883776,0.002538655884563923,0.0025481400080025196
REC_0035,BR_OL_0.47 LPS_A1.csv,A1,Accelerometer,BR_OL_0.47 LPS_N,917447,35.83773438,0,0,False,0,-0.061773426830768585,0.06160252168774605,0.00014845204714220017,0.013563530519604683,0.013564341701567173
REC_0036,BR_OL_0.47 LPS_A2.csv,A2,Accelerometer,BR_OL_0.47 LPS_N,927602,36.23441406,0,0,False,0,-0.012454354204237461,0.025107979774475098,0.00021753055625595152,0.0031763678416609764,0.0031838074792176485
REC_0037,BR_OL_ND_A1.csv,A1,Accelerometer,BR_OL_ND_N,933328,36.45808594,0,0,False,0,-0.0040658991783857346,0.004260656889528036,0.00014240032760426402,0.001025863690301776,0.0010356997372582555
REC_0038,BR_OL_ND_A2.csv,A2,Accelerometer,BR_OL_ND_N,920034,35.93878906,0,0,False,0,-0.01458834856748581,0.01497713290154934,0.00020481405954342335,0.0024236978497356176,0.00243233609944582
REC_0039,BR_OL_Transient_A1.csv,A1,Accelerometer,BR_OL_Transient_N,960272,37.51058594,0,0,False,0,-0.0848931223154068,0.07071596384048462,0.00015047813940327615,0.011364753358066082,0.01136574987322092
REC_0040,BR_OL_Transient_A2.csv,A2,Accelerometer,BR_OL_Transient_N,960684,37.52667969,0,0,False,0,-0.014466896653175354,0.02471044659614563,0.0002218579757027328,0.0030301634687930346,0.0030382745899260044
REC_0041,LO_CC_0.18 LPS_A1.csv,A1,Accelerometer,LO_CC_0.18 LPS_N,922397,36.03109375,0,0,False,0,-0.00239353789947927,0.003013704903423786,0.0003638702619355172,0.0005634057451970875,0.0006706918939016759
REC_0042,LO_CC_0.18 LPS_A2.csv,A2,Accelerometer,LO_CC_0.18 LPS_N,933164,36.45167969,0,0,False,0,-0.004272968973964453,0.00675073591992259,0.0012077082647010684,0.002028876915574074,0.002361122751608491
REC_0043,LO_CC_0.47 LPS_A1.csv,A1,Accelerometer,LO_CC_0.47 LPS_N,918870,35.89332031,0,0,False,0,-0.005984425079077482,0.005406633019447327,0.00015113534755073488,0.0011617852142080665,0.0011715745786204934
REC_0044,LO_CC_0.47 LPS_A2.csv,A2,Accelerometer,LO_CC_0.47 LPS_N,921618,36.00066406,0,0,False,0,-0.004892345052212477,0.005182440858334303,0.00034861182211898267,0.00200028158724308,0.0020304324571043253
REC_0045,LO_CC_ND_A1.csv,A1,Accelerometer,LO_CC_ND_N,914807,35.73460938,0,0,False,0,-0.0013455490116029978,0.0015665950486436486,0.00013316719559952617,0.0004286501498427242,0.0004488590930122882
REC_0046,LO_CC_ND_A2.csv,A2,Accelerometer,LO_CC_ND_N,916218,35.78972656,0,0,False,0,-0.0050097000785171986,0.004880161955952644,0.00034101077471859753,0.002000062493607402,0.0020289255771785975
REC_0047,LO_CC_Transient_A1.csv,A1,Accelerometer,LO_CC_Transient_N,916232,35.79027344,0,0,False,0,-0.004642473068088293,0.004947764798998833,0.0001427745883120224,0.0008180821314454079,0.0008304474176838994
REC_0048,LO_CC_Transient_A2.csv,A2,Accelerometer,LO_CC_Transient_N,995187,38.87445313,0,0,False,0,-0.0050820098258554935,0.005200813990086317,0.0003466718189883977,0.0020100255496799946,0.002039702143520117
REC_0049,LO_GL_0.18 LPS_A1.csv,A1,Accelerometer,LO_GL_0.18 LPS_N,920778,35.96785156,0,0,False,0,-0.024913955479860306,0.04462437704205513,-0.00027630102704279125,0.006033917888998985,0.006040241103619337
REC_0050,LO_GL_0.18 LPS_A2.csv,A2,Accelerometer,LO_GL_0.18 LPS_N,921424,35.99308594,0,0,False,0,-0.004146129824221134,0.006763183046132326,0.0014052285114303231,0.0019995891489088535,0.002443977165967226
REC_0051,LO_GL_0.47 LPS_A1.csv,A1,Accelerometer,LO_GL_0.47 LPS_N,952151,37.19335938,0,0,False,0,-0.0016090399585664272,0.0028135469183325768,0.00015795860963407904,0.0002292737626703456,0.00027841937844641507
REC_0052,LO_GL_0.47 LPS_A2.csv,A2,Accelerometer,LO_GL_0.47 LPS_N,941089,36.76125,0,0,False,0,-0.00468726921826601,0.005116058047860861,0.0003660655056592077,0.0019713544752448797,0.002005054149776697
REC_0053,LO_GL_ND_A1.csv,A1,Accelerometer,LO_GL_ND_N,925953,36.17,0,0,False,0,-0.0004612700140569359,0.0014429159928113222,0.00013150133599992841,0.0001038479822454974,0.0001675619132583961
REC_0054,LO_GL_ND_A2.csv,A2,Accelerometer,LO_GL_ND_N,923567,36.07679688,0,0,False,0,-0.005120535846799612,0.005105388816446066,0.0003404752351343632,0.00197204970754683,0.002001225482672453
REC_0055,LO_GL_Transient_A1.csv,A1,Accelerometer,LO_GL_Transient_N,943403,36.85164063,0,0,False,0,-0.007463798858225346,0.026750005781650543,0.00013851212861482054,0.0021635901648551226,0.0021680190693587065
REC_0056,LO_GL_Transient_A2.csv,A2,Accelerometer,LO_GL_Transient_N,921303,35.98835938,0,0,False,0,-0.004915460012853146,0.005114872008562088,0.0003350722254253924,0.0019710545893758535,0.0019993321038782597
REC_0057,LO_LC_0.18 LPS_A1.csv,A1,Accelerometer,LO_LC_0.18 LPS_N,926046,36.17363281,0,0,False,0,-0.0019197319634258747,0.0020278540905565023,0.00020776246674358845,0.0004052690346725285,0.00045542101725004613
REC_0058,LO_LC_0.18 LPS_A2.csv,A2,Accelerometer,LO_LC_0.18 LPS_N,917199,35.82804688,0,0,False,0,-0.006558435969054699,0.00526956794783473,0.00041662860894575715,0.0019784632604569197,0.0020218545105308294
REC_0059,LO_LC_0.47 LPS_A1.csv,A1,Accelerometer,LO_LC_0.47 LPS_N,920556,35.95917969,0,0,False,0,-0.004469798877835274,0.004203895106911659,0.00011745247320504859,0.0008735570008866489,0.000881417712662369
REC_0060,LO_LC_0.47 LPS_A2.csv,A2,Accelerometer,LO_LC_0.47 LPS_N,919468,35.91667969,0,0,False,1,-0.004972952883690596,0.005023595876991749,0.0003013319510500878,0.001980861648917198,0.0020036499481648207
REC_0061,LO_LC_ND_A1.csv,A1,Accelerometer,LO_LC_ND_N,913627,35.68851563,0,0,False,0,-0.0005072770291008055,0.0010629149619489908,0.0002809207362588495,0.0001866706006694585,0.00033728679409250617
REC_0062,LO_LC_ND_A2.csv,A2,Accelerometer,LO_LC_ND_N,981048,38.32214844,0,0,False,0,-0.004988955799490213,0.0049708448350429535,0.000354847899870947,0.001990038435906172,0.0020214279647916555
REC_0063,LO_LC_Transient_A1.csv,A1,Accelerometer,LO_LC_Transient_N,970314,37.90285156,0,0,False,0,-0.006837633904069662,0.00650361692532897,0.00013731948274653405,0.0008320806664414704,0.0008433355833403766
REC_0064,LO_LC_Transient_A2.csv,A2,Accelerometer,LO_LC_Transient_N,962167,37.58460938,0,0,False,0,-0.0048312959261238575,0.005053823813796043,0.00031293591018766165,0.0020000359509140253,0.002024369779974222
REC_0065,LO_NL_0.18 LPS_A1.csv,A1,Accelerometer,LO_NL_0.18 LPS_N,915898,35.77722656,0,0,False,0,-0.03802159056067467,0.028989380225539207,-0.0012488386128097773,0.006451149005442858,0.006570915225893259
REC_0066,LO_NL_0.18 LPS_A2.csv,A2,Accelerometer,LO_NL_0.18 LPS_N,935650,36.54878906,0,0,False,0,-0.010472062043845654,0.006933289114385843,-0.0011245571076869965,0.002108877059072256,0.0023899776861071587
REC_0067,LO_NL_0.47 LPS_A1.csv,A1,Accelerometer,LO_NL_0.47 LPS_N,914784,35.73371094,0,0,False,0,-0.06699903309345245,0.06388133019208908,0.00010642748384270817,0.013948586769402027,0.013948994688689709
REC_0068,LO_NL_0.47 LPS_A2.csv,A2,Accelerometer,LO_NL_0.47 LPS_N,923354,36.06847656,0,0,False,0,-0.01202731765806675,0.012420544400811195,0.0003060476155951619,0.00301405880600214,0.0030295569449663162
REC_0069,LO_NL_ND_A1.csv,A1,Accelerometer,LO_NL_ND_N,915387,35.75726563,0,0,False,0,-0.012411574833095074,0.013228313997387886,0.00021425292652565986,0.002647163812071085,0.002655819756910205
REC_0070,LO_NL_ND_A2.csv,A2,Accelerometer,LO_NL_ND_N,913566,35.68613281,0,0,False,0,-0.007726063020527363,0.008819865994155407,0.00029595763771794736,0.0015874728560447693,0.0016148254508152604
REC_0071,LO_NL_Transient_A1.csv,A1,Accelerometer,LO_NL_Transient_N,913711,35.69179688,0,0,False,0,-0.22638721764087677,0.23616383969783783,0.00018749070295598358,0.012103058397769928,0.012104512192308903
REC_0072,LO_NL_Transient_A2.csv,A2,Accelerometer,LO_NL_Transient_N,900671,35.18242188,0,0,False,0,-0.027649814262986183,0.015069931745529175,0.00032131027546711266,0.0024134009145200253,0.002434695139527321
REC_0073,LO_OL_0.18 LPS_A1.csv,A1,Accelerometer,LO_OL_0.18 LPS_N,910673,35.573125,0,0,False,0,-0.022104579955339432,0.025800002738833427,-0.00043311636545695364,0.004752299748361111,0.004771995823830366
REC_0074,LO_OL_0.18 LPS_A2.csv,A2,Accelerometer,LO_OL_0.18 LPS_N,922566,36.03769531,0,0,False,0,-0.008086428046226501,0.006267682183533907,-0.0004717059200629592,0.0016606772551313043,0.0017263705376535654
REC_0075,LO_OL_0.47 LPS_A1.csv,A1,Accelerometer,LO_OL_0.47 LPS_N,914689,35.73,0,0,False,0,-0.04273933544754982,0.05063687264919281,8.769275154918432e-05,0.009682011790573597,0.00968240574002266
REC_0076,LO_OL_0.47 LPS_A2.csv,A2,Accelerometer,LO_OL_0.47 LPS_N,928984,36.28839844,0,0,False,0,-0.010224311612546444,0.011242841370403767,0.00021479283168446273,0.0025777253322303295,0.002586658811196685
REC_0077,LO_OL_ND_A1.csv,A1,Accelerometer,LO_OL_ND_N,917113,35.8246875,0,0,False,0,-0.007737447042018175,0.008211229927837849,0.00022941312636248767,0.0018077206332236528,0.0018222196958959103
REC_0078,LO_OL_ND_A2.csv,A2,Accelerometer,LO_OL_ND_N,919421,35.91484375,0,0,False,0,-0.0076602729968726635,0.00755799887701869,0.0003110220131929964,0.0017446634592488408,0.0017721697222441435
REC_0079,LO_OL_Transient_A1.csv,A1,Accelerometer,LO_OL_Transient_N,921833,36.0090625,0,0,False,0,-0.05124692618846893,0.05768958851695061,0.0002217440924141556,0.009019923396408558,0.009022646583616734
REC_0080,LO_OL_Transient_A2.csv,A2,Accelerometer,LO_OL_Transient_N,931363,36.38132813,0,0,False,0,-0.011205829679965973,0.010194347240030766,0.0002722075441852212,0.002250589430332184,0.002266990952193737
REC_0081,BR_CC_0.18 LPS_P1.csv,P1,Dynamic Pressure Sensor,BR_CC_0.18 LPS_N,943716,36.86386719,0,0,False,0,-10218.8759765625,11475.2744140625,16.83609390258789,2698.44677734375,2698.49951171875
REC_0082,BR_CC_0.18 LPS_P2.csv,P2,Dynamic Pressure Sensor,BR_CC_0.18 LPS_N,939639,36.70460938,0,0,False,0,-568.3778076171875,608.4104614257812,9.597654342651367,203.47080993652344,203.69703674316406
REC_0083,BR_CC_0.47 LPS_P1.csv,P1,Dynamic Pressure Sensor,BR_CC_0.47 LPS_N,1001723,39.12976563,0,0,False,0,-14827.6025390625,13631.1298828125,23.725736618041992,3475.2783203125,3475.35986328125
REC_0084,BR_CC_0.47 LPS_P2.csv,P2,Dynamic Pressure Sensor,BR_CC_0.47 LPS_N,1000072,39.06527344,0,0,False,1,-511.7703552246094,469.07525634765625,20.647197723388672,136.41671752929688,137.97039794921875
REC_0085,BR_CC_ND_P1.csv,P1,Dynamic Pressure Sensor,BR_CC_ND_N,922359,36.02960938,0,0,False,0,-17330.984375,17424.658203125,73.86248779296875,4407.76953125,4408.38916015625
REC_0086,BR_CC_ND_P2.csv,P2,Dynamic Pressure Sensor,BR_CC_ND_N,945805,36.94546875,0,0,False,0,-512.7407836914062,526.1679077148438,2.185990571975708,181.32762145996094,181.3408203125
REC_0087,BR_CC_Transient_P1.csv,P1,Dynamic Pressure Sensor,BR_CC_Transient_N,946841,36.9859375,0,0,False,0,-16145.701171875,18431.845703125,18.47244644165039,3641.36572265625,3641.41259765625
REC_0088,BR_CC_Transient_P2.csv,P2,Dynamic Pressure Sensor,BR_CC_Transient_N,950481,37.128125,0,0,False,0,-2695.928955078125,9943.2236328125,14.427226066589355,1072.542724609375,1072.639892578125
REC_0089,BR_GL_0.18 LPS_P1.csv,P1,Dynamic Pressure Sensor,BR_GL_0.18 LPS_N,975143,38.09148438,0,0,False,0,-16697.232421875,17097.564453125,41.78339767456055,4333.201171875,4333.40283203125
REC_0090,BR_GL_0.18 LPS_P2.csv,P2,Dynamic Pressure Sensor,BR_GL_0.18 LPS_N,908981,35.50703125,0,0,False,0,-520.9892578125,483.38885498046875,-9.68345832824707,156.8053436279297,157.10406494140625
REC_0091,BR_GL_0.47 LPS_P1.csv,P1,Dynamic Pressure Sensor,BR_GL_0.47 LPS_N,923386,36.06972656,0,0,False,0,-17067.234375,15876.8095703125,22.86604118347168,4222.49755859375,4222.5595703125
REC_0092,BR_GL_0.47 LPS_P2.csv,P2,Dynamic Pressure Sensor,BR_GL_0.47 LPS_N,922431,36.03242188,0,0,False,0,-412.6264343261719,477.2428894042969,-1.855488896369934,133.40223693847656,133.41514587402344
REC_0093,BR_GL_ND_P1.csv,P1,Dynamic Pressure Sensor,BR_GL_ND_N,917225,35.8290625,0,0,False,0,-17290.52734375,17045.74609375,-56.228912353515625,4206.435546875,4206.81103515625
REC_0094,BR_GL_ND_P2.csv,P2,Dynamic Pressure Sensor,BR_GL_ND_N,929024,36.28996094,0,0,False,0,-588.1095581054688,572.9095458984375,-2.3565855026245117,150.93519592285156,150.95355224609375
REC_0095,BR_GL_Transient_P1.csv,P1,Dynamic Pressure Sensor,BR_GL_Transient_N,1028422,40.17269531,0,0,False,0,-17344.796875,17910.802734375,-3.641411304473877,4409.2705078125,4409.271484375
REC_0096,BR_GL_Transient_P2.csv,P2,Dynamic Pressure Sensor,BR_GL_Transient_N,995561,38.8890625,0,0,False,0,-3490.455078125,9427.044921875,-0.4847921133041382,1000.6964111328125,1000.6965942382812
REC_0097,BR_LC_0.18 LPS_P1.csv,P1,Dynamic Pressure Sensor,BR_LC_0.18 LPS_N,919659,35.92414063,0,0,False,0,-13667.330078125,12832.6044921875,19.770910263061523,3169.158203125,3169.219970703125
REC_0098,BR_LC_0.18 LPS_P2.csv,P2,Dynamic Pressure Sensor,BR_LC_0.18 LPS_N,922650,36.04097656,0,0,False,0,-571.4508056640625,581.72412109375,-2.239149808883667,185.82427978515625,185.83775329589844
REC_0099,BR_LC_0.47 LPS_P1.csv,P1,Dynamic Pressure Sensor,BR_LC_0.47 LPS_N,1048572,40.95980469,0,0,False,0,-13301.0869140625,12830.642578125,12.920722007751465,3308.314208984375,3308.33935546875
REC_0100,BR_LC_0.47 LPS_P2.csv,P2,Dynamic Pressure Sensor,BR_LC_0.47 LPS_N,922900,36.05074219,0,0,False,0,-634.4468383789062,431.9569396972656,11.929749488830566,144.46177673339844,144.95352172851562
REC_0101,BR_LC_ND_P1.csv,P1,Dynamic Pressure Sensor,BR_LC_ND_N,945187,36.92132813,0,0,False,0,-16981.7421875,19359.5078125,64.44454193115234,4565.96630859375,4566.42138671875
REC_0102,BR_LC_ND_P2.csv,P2,Dynamic Pressure Sensor,BR_LC_ND_N,945455,36.93179688,0,0,False,0,-533.8472290039062,615.52685546875,8.602587699890137,195.34561157226562,195.5349578857422
REC_0103,BR_LC_Transient_P1.csv,P1,Dynamic Pressure Sensor,BR_LC_Transient_N,917161,35.8265625,0,0,False,0,-18015.8203125,22693.619140625,28.2270450592041,4205.76708984375,4205.86181640625
REC_0104,BR_LC_Transient_P2.csv,P2,Dynamic Pressure Sensor,BR_LC_Transient_N,928882,36.28441406,0,0,False,0,-2729.16552734375,10182.2685546875,7.783308506011963,1096.860595703125,1096.8885498046875
REC_0105,BR_NL_0.18 LPS_P1.csv,P1,Dynamic Pressure Sensor,BR_NL_0.18 LPS_N,986615,38.53960938,0,0,False,0,-11759.123046875,13093.3310546875,5.79097843170166,2966.45556640625,2966.46142578125
REC_0106,BR_NL_0.18 LPS_P2.csv,P2,Dynamic Pressure Sensor,BR_NL_0.18 LPS_N,979005,38.24234375,0,0,False,0,-540.3167114257812,672.457763671875,3.772010564804077,194.6085968017578,194.64512634277344
REC_0107,BR_NL_0.47 LPS_P1.csv,P1,Dynamic Pressure Sensor,BR_NL_0.47 LPS_N,912223,35.63367188,0,0,False,0,-14877.1328125,14171.953125,5.257574081420898,3117.60302734375,3117.607177734375
REC_0108,BR_NL_0.47 LPS_P2.csv,P2,Dynamic Pressure Sensor,BR_NL_0.47 LPS_N,934054,36.48644531,0,0,False,0,-521.7979736328125,461.6354064941406,2.1929819583892822,137.69744873046875,137.7148895263672
REC_0109,BR_NL_ND_P1.csv,P1,Dynamic Pressure Sensor,BR_NL_ND_N,918590,35.88238281,0,0,False,0,-17651.45703125,15755.0283203125,5.690785884857178,2745.677978515625,2745.68408203125
REC_0110,BR_NL_ND_P2.csv,P2,Dynamic Pressure Sensor,BR_NL_ND_N,921584,35.99933594,0,0,False,0,-145.84353637695312,248.1444091796875,-1.5451087951660156,46.763755798339844,46.78927993774414
REC_0111,BR_NL_Transient_P1.csv,P1,Dynamic Pressure Sensor,BR_NL_Transient_N,915758,35.77175781,0,0,False,0,-19842.8671875,19403.3984375,-12.64382266998291,3233.136474609375,3233.16162109375
REC_0112,BR_NL_Transient_P2.csv,P2,Dynamic Pressure Sensor,BR_NL_Transient_N,910097,35.550625,0,0,False,0,-2195.2763671875,9883.2197265625,0.9976403713226318,1056.2152099609375,1056.2156982421875
REC_0113,BR_OL_0.18 LPS_P1.csv,P1,Dynamic Pressure Sensor,BR_OL_0.18 LPS_N,978072,38.20589844,0,0,False,0,-15205.04296875,15692.9931640625,18.172264099121094,3422.969482421875,3423.018310546875
REC_0114,BR_OL_0.18 LPS_P2.csv,P2,Dynamic Pressure Sensor,BR_OL_0.18 LPS_N,983311,38.41054688,0,0,False,0,-614.7959594726562,598.0593872070312,12.042699813842773,195.9192657470703,196.28903198242188
REC_0115,BR_OL_0.47 LPS_P1.csv,P1,Dynamic Pressure Sensor,BR_OL_0.47 LPS_N,917978,35.85847656,0,0,False,0,-15864.4599609375,15586.0869140625,4.078343868255615,3990.215087890625,3990.21728515625
REC_0116,BR_OL_0.47 LPS_P2.csv,P2,Dynamic Pressure Sensor,BR_OL_0.47 LPS_N,943988,36.87449219,0,0,False,0,-559.563232421875,786.7239990234375,10.475153923034668,186.03482055664062,186.32952880859375
REC_0117,BR_OL_ND_P1.csv,P1,Dynamic Pressure Sensor,BR_OL_ND_N,917989,35.85890625,0,0,False,0,-17433.966796875,19730.73828125,-254.46310424804688,4529.36328125,4536.505859375
REC_0118,BR_OL_ND_P2.csv,P2,Dynamic Pressure Sensor,BR_OL_ND_N,927866,36.24472656,0,0,False,0,-579.6992797851562,565.3887939453125,1.1965837478637695,182.25437927246094,182.25830078125
REC_0119,BR_OL_Transient_P1.csv,P1,Dynamic Pressure Sensor,BR_OL_Transient_N,959000,37.46089844,0,0,False,0,-16008.880859375,21236.330078125,18.82027244567871,4262.779296875,4262.8212890625
REC_0120,BR_OL_Transient_P2.csv,P2,Dynamic Pressure Sensor,BR_OL_Transient_N,949320,37.08277344,0,0,False,0,-3244.5361328125,11325.6591796875,12.322434425354004,1194.4332275390625,1194.4970703125
REC_0121,LO_CC_0.18 LPS_P1.csv,P1,Dynamic Pressure Sensor,LO_CC_0.18 LPS_N,958113,37.42625,0,0,False,0,-3854.45556640625,3891.160888671875,10.155527114868164,825.7579956054688,825.8204345703125
REC_0122,LO_CC_0.18 LPS_P2.csv,P2,Dynamic Pressure Sensor,LO_CC_0.18 LPS_N,954088,37.26902344,0,0,False,0,-679.7327880859375,628.7083129882812,13.675420761108398,209.17254638671875,209.61911010742188
REC_0123,LO_CC_0.47 LPS_P1.csv,P1,Dynamic Pressure Sensor,LO_CC_0.47 LPS_N,911911,35.62148438,0,0,False,0,-9113.853515625,8668.0927734375,9.607441902160645,1812.0252685546875,1812.0509033203125
REC_0124,LO_CC_0.47 LPS_P2.csv,P2,Dynamic Pressure Sensor,LO_CC_0.47 LPS_N,935147,36.52914063,0,0,False,0,-844.9456787109375,669.9508666992188,4.7612175941467285,196.16104125976562,196.2188262939453
REC_0125,LO_CC_ND_P1.csv,P1,Dynamic Pressure Sensor,LO_CC_ND_N,922489,36.0346875,0,0,False,0,-2574.934814453125,2436.896240234375,7.08199405670166,808.34521484375,808.3762817382812
REC_0126,LO_CC_ND_P2.csv,P2,Dynamic Pressure Sensor,LO_CC_ND_N,919909,35.93390625,0,0,False,0,-673.1016235351562,732.9468994140625,17.916032791137695,213.76898193359375,214.5184326171875
REC_0127,LO_CC_Transient_P1.csv,P1,Dynamic Pressure Sensor,LO_CC_Transient_N,935607,36.54710938,0,0,False,0,-23009.5078125,22475.802734375,7.547220230102539,1502.8746337890625,1502.8934326171875
REC_0128,LO_CC_Transient_P2.csv,P2,Dynamic Pressure Sensor,LO_CC_Transient_N,917132,35.82542969,0,0,False,0,-2199.0771484375,11504.376953125,5.103571891784668,1277.81103515625,1277.8214111328125
REC_0129,LO_GL_0.18 LPS_P1.csv,P1,Dynamic Pressure Sensor,LO_GL_0.18 LPS_N,915177,35.7490625,0,0,False,0,-3755.395751953125,3694.267578125,8.989805221557617,809.7774047851562,809.8272094726562
REC_0130,LO_GL_0.18 LPS_P2.csv,P2,Dynamic Pressure Sensor,LO_GL_0.18 LPS_N,919546,35.91972656,0,0,False,0,-699.3027954101562,854.4103393554688,12.540131568908691,241.04751586914062,241.3734893798828
REC_0131,LO_GL_0.47 LPS_P1.csv,P1,Dynamic Pressure Sensor,LO_GL_0.47 LPS_N,923717,36.08265625,0,0,False,0,-10186.4287109375,9163.3095703125,8.999277114868164,2106.6552734375,2106.674560546875
REC_0132,LO_GL_0.47 LPS_P2.csv,P2,Dynamic Pressure Sensor,LO_GL_0.47 LPS_N,919637,35.92328125,0,0,False,0,-664.6104736328125,785.510986328125,9.127147674560547,201.76744079589844,201.97373962402344
REC_0133,LO_GL_ND_P1.csv,P1,Dynamic Pressure Sensor,LO_GL_ND_N,916850,35.81441406,0,0,False,0,-1088.712646484375,1032.8153076171875,9.611783027648926,255.31973266601562,255.50057983398438
REC_0134,LO_GL_ND_P2.csv,P2,Dynamic Pressure Sensor,LO_GL_ND_N,916902,35.81644531,0,0,False,0,-780.3323364257812,868.8856811523438,6.461794376373291,233.67022705078125,233.75949096679688
REC_0135,LO_GL_Transient_P1.csv,P1,Dynamic Pressure Sensor,LO_GL_Transient_N,971203,37.93757813,0,0,False,0,-8641.9306640625,9389.7080078125,-46.24634552001953,1602.8702392578125,1603.537353515625
REC_0136,LO_GL_Transient_P2.csv,P2,Dynamic Pressure Sensor,LO_GL_Transient_N,903630,35.29800781,0,0,False,0,-3401.581298828125,11045.9375,23.16207504272461,1252.780029296875,1252.9940185546875
REC_0137,LO_LC_0.18 LPS_P1.csv,P1,Dynamic Pressure Sensor,LO_LC_0.18 LPS_N,917875,35.85445313,0,0,False,0,-4264.26171875,3480.292236328125,-51.139198303222656,642.6398315429688,644.6713256835938
REC_0138,LO_LC_0.18 LPS_P2.csv,P2,Dynamic Pressure Sensor,LO_LC_0.18 LPS_N,916703,35.80867188,0,0,False,0,-801.1962280273438,784.3788452148438,23.579566955566406,241.1034698486328,242.2537384033203
REC_0139,LO_LC_0.47 LPS_P1.csv,P1,Dynamic Pressure Sensor,LO_LC_0.47 LPS_N,916692,35.80824219,0,0,False,0,-7159.55029296875,6588.73876953125,5.310730934143066,1398.67236328125,1398.682373046875
REC_0140,LO_LC_0.47 LPS_P2.csv,P2,Dynamic Pressure Sensor,LO_LC_0.47 LPS_N,935337,36.5365625,0,0,False,0,-806.129150390625,715.3177490234375,1.8344018459320068,248.31350708007812,248.32029724121094
REC_0141,LO_LC_ND_P1.csv,P1,Dynamic Pressure Sensor,LO_LC_ND_N,925965,36.17046875,0,0,False,0,-5213.9921875,2945.1083984375,-73.96573638916016,262.55157470703125,272.771484375
REC_0142,LO_LC_ND_P2.csv,P2,Dynamic Pressure Sensor,LO_LC_ND_N,923133,36.05984375,0,0,False,0,-722.026611328125,604.2861938476562,-4.811885356903076,216.01670837402344,216.07029724121094
REC_0143,LO_LC_Transient_P1.csv,P1,Dynamic Pressure Sensor,LO_LC_Transient_N,986299,38.52726563,0,0,False,0,-14780.525390625,13747.0263671875,10.578940391540527,1272.639404296875,1272.683349609375
REC_0144,LO_LC_Transient_P2.csv,P2,Dynamic Pressure Sensor,LO_LC_Transient_N,965427,37.71195313,0,0,False,0,-2345.04345703125,11374.9072265625,3.2894771099090576,1208.17431640625,1208.1788330078125
REC_0145,LO_NL_0.18 LPS_P1.csv,P1,Dynamic Pressure Sensor,LO_NL_0.18 LPS_N,918056,35.86152344,0,0,False,0,-4193.15478515625,4535.5390625,15.850050926208496,915.1376953125,915.2750854492188
REC_0146,LO_NL_0.18 LPS_P2.csv,P2,Dynamic Pressure Sensor,LO_NL_0.18 LPS_N,930668,36.35417969,0,0,False,0,-527.53955078125,734.0790405273438,15.860666275024414,200.2059326171875,200.8331756591797
REC_0147,LO_NL_0.47 LPS_P1.csv,P1,Dynamic Pressure Sensor,LO_NL_0.47 LPS_N,900909,35.19171875,0,0,False,0,-10239.6357421875,9974.5859375,13.028158187866211,2235.2568359375,2235.294921875
REC_0148,LO_NL_0.47 LPS_P2.csv,P2,Dynamic Pressure Sensor,LO_NL_0.47 LPS_N,914117,35.70765625,0,0,False,0,-749.926025390625,965.6844482421875,11.868247985839844,220.22975158691406,220.5492401123047
REC_0149,LO_NL_ND_P1.csv,P1,Dynamic Pressure Sensor,LO_NL_ND_N,928022,36.25082031,0,0,False,0,-1096.6407470703125,945.6885986328125,13.47281551361084,140.82781982421875,141.47079467773438
REC_0150,LO_NL_ND_P2.csv,P2,Dynamic Pressure Sensor,LO_NL_ND_N,907396,35.44511719,0,0,False,0,-173.09597778320312,205.52708435058594,6.878458023071289,19.857498168945312,21.01507568359375
REC_0151,LO_NL_Transient_P1.csv,P1,Dynamic Pressure Sensor,LO_NL_Transient_N,940919,36.75460938,0,0,False,0,-9862.44140625,10727.2587890625,13.839356422424316,1723.91455078125,1723.97021484375
REC_0152,LO_NL_Transient_P2.csv,P2,Dynamic Pressure Sensor,LO_NL_Transient_N,930717,36.35609375,0,0,False,0,-1738.130615234375,11204.5185546875,11.551786422729492,1218.5364990234375,1218.59130859375
REC_0153,LO_OL_0.18 LPS_P1.csv,P1,Dynamic Pressure Sensor,LO_OL_0.18 LPS_N,918847,35.89242188,0,0,False,0,-12939.4208984375,13099.5419921875,16.1346492767334,2955.236328125,2955.280517578125
REC_0154,LO_OL_0.18 LPS_P2.csv,P2,Dynamic Pressure Sensor,LO_OL_0.18 LPS_N,917482,35.83910156,0,0,False,0,-694.9359130859375,818.3433227539062,12.64608383178711,194.4492645263672,194.8600311279297
REC_0155,LO_OL_0.47 LPS_P1.csv,P1,Dynamic Pressure Sensor,LO_OL_0.47 LPS_N,922925,36.05171875,0,0,False,0,-12840.443359375,12974.41015625,3.9862077236175537,3226.020263671875,3226.023193359375
REC_0156,LO_OL_0.47 LPS_P2.csv,P2,Dynamic Pressure Sensor,LO_OL_0.47 LPS_N,914160,35.70933594,0,0,False,0,-633.9616088867188,598.302001953125,3.4921603202819824,179.70046997070312,179.73439025878906
REC_0157,LO_OL_ND_P1.csv,P1,Dynamic Pressure Sensor,LO_OL_ND_N,923936,36.09121094,0,0,False,0,-16246.150390625,16752.654296875,6.982083320617676,3900.2421875,3900.2490234375
REC_0158,LO_OL_ND_P2.csv,P2,Dynamic Pressure Sensor,LO_OL_ND_N,928464,36.26808594,0,0,False,0,-645.2022094726562,554.0673217773438,4.340939521789551,181.134033203125,181.18606567382812
REC_0159,LO_OL_Transient_P1.csv,P1,Dynamic Pressure Sensor,LO_OL_Transient_N,956991,37.38242188,0,0,False,0,-21524.591796875,23743.0625,-16.08902359008789,4473.7197265625,4473.74853515625
REC_0160,LO_OL_Transient_P2.csv,P2,Dynamic Pressure Sensor,LO_OL_Transient_N,1048572,40.95980469,0,0,False,0,-2446.775146484375,9637.30078125,4.447178363800049,1029.9810791015625,1029.9908447265625
REC_0161,Background Noise_H1.raw,H1,Hydrophone,EXP_BACKGROUND_NOISE_H1,318710,39.838625,0,0,False,0,-0.023101806640625,0.023284912109375,0.0008337280545377263,0.004209319730734245,0.004291092525741187
REC_0162,Background Noise_H2.raw,H2,Hydrophone,EXP_BACKGROUND_NOISE_H2,318710,39.838625,0,0,False,0,-0.01129150390625,0.0091552734375,-6.672932592889107e-05,0.0009453687988480469,0.0009477209340171418
REC_0163,BR_CC_0.18 LPS_N_H1.raw,H1,Hydrophone,BR_CC_0.18 LPS_N,321460,40.182375,0,0,False,0,-0.686553955078125,0.643890380859375,0.0010587264225744456,0.17348167899268824,0.1734849095678353
REC_0164,BR_CC_0.18 LPS_N_H2.raw,H2,Hydrophone,BR_CC_0.18 LPS_N,321460,40.182375,0,0,False,0,-0.32562255859375,0.309112548828125,-0.00015341723661672525,0.08671505865253284,0.08671519436615881
REC_0165,BR_CC_0.47 LPS_N_H1.raw,H1,Hydrophone,BR_CC_0.47 LPS_N,286960,35.869875,0,0,False,154,-1.0,0.999969482421875,0.0014849526389648165,0.30485682189188706,0.30486043846055483
REC_0166,BR_CC_0.47 LPS_N_H2.raw,H2,Hydrophone,BR_CC_0.47 LPS_N,286960,35.869875,0,0,False,0,-0.501007080078125,0.442291259765625,5.7580765489419256e-05,0.14051874822830576,0.14051876002582195
REC_0167,BR_CC_ND_NN_H1.raw,H1,Hydrophone,BR_CC_ND_NN,296460,37.057375,0,0,False,30,-0.977813720703125,0.999969482421875,0.0011597601000069044,0.3184975256552647,0.31849963719291036
REC_0168,BR_CC_ND_NN_H2.raw,H2,Hydrophone,BR_CC_ND_NN,296460,37.057375,0,0,False,0,-0.42803955078125,0.440521240234375,-0.00011259767519095114,0.14584282869057935,0.1458428721559821
REC_0169,BR_CC_ND_N_H1.raw,H1,Hydrophone,BR_CC_ND_N,291710,36.463625,0,0,False,0,-0.53863525390625,0.4893798828125,0.0007571955032194324,0.15335227755449685,0.15335414691550253
REC_0170,BR_CC_ND_N_H2.raw,H2,Hydrophone,BR_CC_ND_N,291710,36.463625,0,0,False,0,-0.227264404296875,0.2447509765625,-2.2069509884870675e-05,0.07337427027414876,0.0733742735931818
REC_0171,BR_CC_Transient_NN_H1.raw,H1,Hydrophone,BR_CC_Transient_NN,331210,41.401125,0,0,False,816,-1.0,0.999969482421875,0.00025335947480568407,0.20746056589404133,0.20746072060054968
REC_0172,BR_CC_Transient_NN_H2.raw,H2,Hydrophone,BR_CC_Transient_NN,331210,41.401125,0,0,False,1578,-1.0,0.999969482421875,-0.0001271524599491731,0.167163692217829,0.16716374057685218
REC_0173,BR_CC_Transient_N_H1.raw,H1,Hydrophone,BR_CC_Transient_N,349210,43.651125,0,0,False,772,-1.0,0.999969482421875,0.0002884532041127205,0.20121830645496783,0.20121851320854234
REC_0174,BR_CC_Transient_N_H2.raw,H2,Hydrophone,BR_CC_Transient_N,349210,43.651125,0,0,False,1587,-1.0,0.999969482421875,-6.250034257010466e-05,0.168630849145768,0.16863086072814665
REC_0175,BR_GL_0.18 LPS_N_H1.raw,H1,Hydrophone,BR_GL_0.18 LPS_N,304210,38.026125,0,0,False,0,-0.516021728515625,0.486083984375,0.0007659013264826826,0.12893453567977844,0.1289368104763026
REC_0176,BR_GL_0.18 LPS_N_H2.raw,H2,Hydrophone,BR_GL_0.18 LPS_N,304210,38.026125,0,0,False,0,-0.18292236328125,0.18707275390625,-8.308624069952705e-05,0.048935305497160256,0.048935376032312204
REC_0177,BR_GL_0.47 LPS_N_H1.raw,H1,Hydrophone,BR_GL_0.47 LPS_N,291210,36.401125,0,0,False,0,-0.85784912109375,0.886077880859375,0.000864483102460692,0.20791182637850522,0.20791362360143728
REC_0178,BR_GL_0.47 LPS_N_H2.raw,H2,Hydrophone,BR_GL_0.47 LPS_N,291210,36.401125,0,0,False,0,-0.3038330078125,0.29986572265625,-0.00011726689328040761,0.07186503418327309,0.07186512985925281
REC_0179,BR_GL_ND_NN_H1.raw,H1,Hydrophone,BR_GL_ND_NN,324960,40.619875,0,0,False,0,-0.772552490234375,0.78564453125,0.0008824388362221504,0.20218017802175076,0.20218210376590337
REC_0180,BR_GL_ND_NN_H2.raw,H2,Hydrophone,BR_GL_ND_NN,324960,40.619875,0,0,False,0,-0.239471435546875,0.23046875,-0.00011242547685556492,0.06609168195245052,0.06609177757324826
REC_0181,BR_GL_ND_N_H1.raw,H1,Hydrophone,BR_GL_ND_N,330460,41.307375,0,0,False,0,-0.73016357421875,0.774078369140625,0.0007125877579382717,0.21316658544524858,0.21316777648532906
REC_0182,BR_GL_ND_N_H2.raw,H2,Hydrophone,BR_GL_ND_N,299460,37.432375,0,0,False,0,-0.344482421875,0.370361328125,-0.0001050905912869728,0.07801213906257067,0.07801220984660183
REC_0183,BR_GL_Transient_NN_H1.raw,H1,Hydrophone,BR_GL_Transient_NN,415710,51.963625,0,0,False,1857,-1.0,0.999969482421875,0.0006448790553971293,0.23190083398040148,0.23190173063132113
REC_0184,BR_GL_Transient_NN_H2.raw,H2,Hydrophone,BR_GL_Transient_NN,415710,51.963625,0,0,False,1434,-1.0,0.999969482421875,-0.00012376103521967688,0.12909869233960006,0.12909875166161966
REC_0185,BR_GL_Transient_N_H1.raw,H1,Hydrophone,BR_GL_Transient_N,407210,50.901125,0,0,False,1454,-1.0,0.999969482421875,0.0005068613671913371,0.2295375896719873,0.229538149293034
REC_0186,BR_GL_Transient_N_H2.raw,H2,Hydrophone,BR_GL_Transient_N,407210,50.901125,0,0,False,1498,-1.0,0.999969482421875,-0.0001229964592804542,0.13163631887465585,0.1316363763364788
REC_0187,BR_LC_0.18 LPS_N_H1.raw,H1,Hydrophone,BR_LC_0.18 LPS_N,292960,36.619875,0,0,False,0,-0.43414306640625,0.437744140625,0.0006870937503666776,0.1307622798714603,0.13076408503485923
REC_0188,BR_LC_0.18 LPS_N_H2.raw,H2,Hydrophone,BR_LC_0.18 LPS_N,292960,36.619875,0,0,False,0,-0.232635498046875,0.246368408203125,-1.4015106084501723e-05,0.06687312053781953,0.06687312200644546
REC_0189,BR_LC_0.47 LPS_N_H1.raw,H1,Hydrophone,BR_LC_0.47 LPS_N,304710,38.088625,0,0,False,0,-0.72186279296875,0.71026611328125,0.0006813767662798235,0.18501886002050788,0.18502011468374438
REC_0190,BR_LC_0.47 LPS_N_H2.raw,H2,Hydrophone,BR_LC_0.47 LPS_N,304710,38.088625,0,0,False,0,-0.35479736328125,0.31378173828125,-0.00011432178614117727,0.0909682548663497,0.09096832670165995
REC_0191,BR_LC_ND_NN_H1.raw,H1,Hydrophone,BR_LC_ND_NN,298460,37.307375,0,0,False,0,-0.845977783203125,0.8536376953125,0.0006222626818318409,0.20869680819379716,0.2086977358792466
REC_0192,BR_LC_ND_NN_H2.raw,H2,Hydrophone,BR_LC_ND_NN,298460,37.307375,0,0,False,0,-0.375091552734375,0.379608154296875,-8.24196492188547e-05,0.09118090968453645,0.09118094693464293
REC_0193,BR_LC_ND_N_H1.raw,H1,Hydrophone,BR_LC_ND_N,295210,36.901125,0,0,False,0,-0.658111572265625,0.646514892578125,0.0005836644722983216,0.18081249470498484,0.1808134367397965
REC_0194,BR_LC_ND_N_H2.raw,H2,Hydrophone,BR_LC_ND_N,295210,36.901125,0,0,False,0,-0.307464599609375,0.29278564453125,-8.85762341651388e-05,0.07898366488240047,0.07898371454929554
REC_0195,BR_LC_Transient_NN_H1.raw,H1,Hydrophone,BR_LC_Transient_NN,334210,41.776125,0,0,False,648,-1.0,0.999969482421875,0.0005804070621414118,0.21389371988455264,0.21389450735914012
REC_0196,BR_LC_Transient_NN_H2.raw,H2,Hydrophone,BR_LC_Transient_NN,334210,41.776125,0,0,False,1473,-1.0,0.999969482421875,-0.00040294754166658877,0.1721284356819517,0.17212890732540284
REC_0197,BR_LC_Transient_N_H1.raw,H1,Hydrophone,BR_LC_Transient_N,334960,41.869875,0,0,False,795,-1.0,0.999969482421875,0.00036571804253446305,0.1985430403641826,0.198543377191837
REC_0198,BR_LC_Transient_N_H2.raw,H2,Hydrophone,BR_LC_Transient_N,334960,41.869875,0,0,False,2143,-1.0,0.999969482421875,-0.0005803799953784127,0.17531483281016164,0.1753157934819164
REC_0199,BR_NL_0.18 LPS_N_H1.raw,H1,Hydrophone,BR_NL_0.18 LPS_N,279460,34.932375,0,0,False,0,-0.853302001953125,0.84857177734375,0.0008663953097114189,0.26112666124743744,0.2611280985552237
REC_0200,BR_NL_0.18 LPS_N_H2.raw,H2,Hydrophone,BR_NL_0.18 LPS_N,279460,34.932375,0,0,False,0,-0.25555419921875,0.261962890625,-5.947968361415766e-05,0.08231115571575166,0.082311177206352
REC_0201,BR_NL_0.47 LPS_N_H1.raw,H1,Hydrophone,BR_NL_0.47 LPS_N,291960,36.494875,0,0,False,0,-0.829376220703125,0.7904052734375,0.0009808817470313785,0.2460377414093324,0.24603969664834002
REC_0202,BR_NL_0.47 LPS_N_H2.raw,H2,Hydrophone,BR_NL_0.47 LPS_N,291960,36.494875,0,0,False,0,-0.268280029296875,0.300048828125,-2.2919541565518394e-06,0.07908608774273543,0.07908608777594642
REC_0203,BR_NL_ND_NN_H1.raw,H1,Hydrophone,BR_NL_ND_NN,291460,36.432375,0,0,False,0,-0.4432373046875,0.426361083984375,0.0008144066900327768,0.1075028777889356,0.10750596258421946
REC_0204,BR_NL_ND_NN_H2.raw,H2,Hydrophone,BR_NL_ND_NN,291460,36.432375,0,0,False,0,-0.137786865234375,0.147216796875,-8.024606905616337e-05,0.03526790149402528,0.0352679927869998
REC_0205,BR_NL_ND_N_H1.raw,H1,Hydrophone,BR_NL_ND_N,306710,38.338625,0,0,False,0,-0.406219482421875,0.3310546875,0.0008352559941534246,0.055766544228552824,0.05577279899530691
REC_0206,BR_NL_ND_N_H2.raw,H2,Hydrophone,BR_NL_ND_N,306710,38.338625,0,0,False,0,-0.137298583984375,0.11639404296875,-7.039092174814971e-05,0.013640930165998674,0.013641111782971253
REC_0207,BR_NL_Transient_NN_H1.raw,H1,Hydrophone,BR_NL_Transient_NN,369460,46.182375,0,0,False,1737,-1.0,0.999969482421875,0.0006566376573294893,0.17483695236159555,0.1748381854289956
REC_0208,BR_NL_Transient_NN_H2.raw,H2,Hydrophone,BR_NL_Transient_NN,369460,46.182375,0,0,False,1929,-1.0,0.999969482421875,-7.162817386777323e-05,0.13707815650258837,0.13707817521671128
REC_0209,BR_NL_Transient_N_H1.raw,H1,Hydrophone,BR_NL_Transient_N,490460,61.307375,0,0,False,1480,-1.0,0.999969482421875,0.0004606455626478204,0.18448975644440468,0.18449033152783414
REC_0210,BR_NL_Transient_N_H2.raw,H2,Hydrophone,BR_NL_Transient_N,490460,61.307375,0,0,False,1483,-1.0,0.999969482421875,-8.701404885289447e-05,0.1250412189197634,0.12504124919555507
REC_0211,BR_OL_0.18 LPS_N_H1.raw,H1,Hydrophone,BR_OL_0.18 LPS_N,290210,36.276125,0,0,False,0,-0.944549560546875,0.951019287109375,0.0010602557040120192,0.27209360153357476,0.2720956672526588
REC_0212,BR_OL_0.18 LPS_N_H2.raw,H2,Hydrophone,BR_OL_0.18 LPS_N,290210,36.276125,0,0,False,0,-0.416748046875,0.474700927734375,9.385304112350755e-05,0.12808749563476635,0.1280875300190445
REC_0213,BR_OL_0.47 LPS_N_H1.raw,H1,Hydrophone,BR_OL_0.47 LPS_N,289460,36.182375,0,0,False,0,-0.907958984375,0.923492431640625,0.0008748619803362295,0.2522772480152596,0.2522787649597909
REC_0214,BR_OL_0.47 LPS_N_H2.raw,H2,Hydrophone,BR_OL_0.47 LPS_N,289460,36.182375,0,0,False,0,-0.3807373046875,0.34930419921875,-1.7544180968171336e-05,0.11757414393397156,0.11757414524292553
REC_0215,BR_OL_ND_NN_H1.raw,H1,Hydrophone,BR_OL_ND_NN,298960,37.369875,0,0,False,0,-0.9195556640625,0.8961181640625,0.0008278237073090359,0.2662586771729303,0.26625996406138325
REC_0216,BR_OL_ND_NN_H2.raw,H2,Hydrophone,BR_OL_ND_NN,298960,37.369875,0,0,False,0,-0.4095458984375,0.41046142578125,-8.101479905730491e-05,0.12121136922754173,0.12121139630172204
REC_0217,BR_OL_ND_N_H1.raw,H1,Hydrophone,BR_OL_ND_N,289960,36.244875,0,0,False,0,-0.9359130859375,0.958343505859375,0.0007510738449107205,0.2678299890255894,0.2678310421391961
REC_0218,BR_OL_ND_N_H2.raw,H2,Hydrophone,BR_OL_ND_N,289960,36.244875,0,0,False,0,-0.422607421875,0.443328857421875,-0.00012908169344747982,0.12455712074664121,0.12455718763193452
REC_0219,BR_OL_Transient_NN_H1.raw,H1,Hydrophone,BR_OL_Transient_NN,290210,36.276125,0,0,False,2190,-1.0,0.999969482421875,0.00034866014908250707,0.2799115232666561,0.27991174041357986
REC_0220,BR_OL_Transient_NN_H2.raw,H2,Hydrophone,BR_OL_Transient_NN,290210,36.276125,0,0,False,2732,-1.0,0.999969482421875,-0.0002526650623147893,0.19271955721617917,0.1927197228444299
REC_0221,BR_OL_Transient_N_H1.raw,H1,Hydrophone,BR_OL_Transient_N,304710,38.088625,0,0,False,2673,-1.0,0.999969482421875,0.0009415650844245349,0.3039058555385159,0.30390731411962685
REC_0222,BR_OL_Transient_N_H2.raw,H2,Hydrophone,BR_OL_Transient_N,304710,38.088625,0,0,False,2803,-1.0,0.999969482421875,-1.0070069665368301e-05,0.1956301704982813,0.19563017075745995
REC_0223,LO_CC_0.18 LPS_N_H1.raw,H1,Hydrophone,LO_CC_0.18 LPS_N,307460,38.432375,0,0,False,0,-0.71685791015625,0.709747314453125,0.0009942121933163054,0.18374611335738184,0.18374880307590888
REC_0224,LO_CC_0.18 LPS_N_H2.raw,H2,Hydrophone,LO_CC_0.18 LPS_N,307460,38.432375,0,0,False,0,-0.936553955078125,0.948944091796875,-0.00015342562027885741,0.25425712541542317,0.25425717170600165
REC_0225,LO_CC_0.47 LPS_N_H1.raw,H1,Hydrophone,LO_CC_0.47 LPS_N,320460,40.057375,0,0,False,0,-0.62933349609375,0.582763671875,0.0009829373274270288,0.16717601930530934,0.16717890894654985
REC_0226,LO_CC_0.47 LPS_N_H2.raw,H2,Hydrophone,LO_CC_0.47 LPS_N,320460,40.057375,0,0,False,0,-0.6815185546875,0.61309814453125,-0.00014272486383099686,0.18653917800003786,0.18653923260085686
REC_0227,LO_CC_ND_NN_H1.raw,H1,Hydrophone,LO_CC_ND_NN,288460,36.057375,0,0,False,0,-0.49267578125,0.466522216796875,0.0008229211044073485,0.15185278867431315,0.1518550184462459
REC_0228,LO_CC_ND_NN_H2.raw,H2,Hydrophone,LO_CC_ND_NN,288460,36.057375,0,0,False,0,-0.684051513671875,0.637237548828125,-0.00039546638324258564,0.2076771299141305,0.2076775064445616
REC_0229,LO_CC_ND_N_H1.raw,H1,Hydrophone,LO_CC_ND_N,299210,37.401125,0,0,False,0,-0.870025634765625,0.833984375,0.0006870164594238788,0.24776913967806044,0.24777009215888374
REC_0230,LO_CC_ND_N_H2.raw,H2,Hydrophone,LO_CC_ND_N,299210,37.401125,0,0,False,0,-0.557830810546875,0.543548583984375,-7.502310201368812e-05,0.16862013081676033,0.1686201475065397
REC_0231,LO_CC_Transient_NN_H1.raw,H1,Hydrophone,LO_CC_Transient_NN,289960,36.244875,0,0,False,56,-1.0,0.978363037109375,0.0007557313645160647,0.11098939381110454,0.11099196668431352
REC_0232,LO_CC_Transient_NN_H2.raw,H2,Hydrophone,LO_CC_Transient_NN,289960,36.244875,0,0,False,2603,-1.0,0.999969482421875,-4.853216890368499e-05,0.2640930833681648,0.26409308782752317
REC_0233,LO_CC_Transient_N_H1.raw,H1,Hydrophone,LO_CC_Transient_N,311710,38.963625,0,0,False,242,-1.0,0.999969482421875,0.0007594075753191568,0.10415681146472769,0.10415957984921156
REC_0234,LO_CC_Transient_N_H2.raw,H2,Hydrophone,LO_CC_Transient_N,311710,38.963625,0,0,False,780,-1.0,0.999969482421875,3.778291755934001e-05,0.13267159335804996,0.13267159873805934
REC_0235,LO_GL_0.18 LPS_N_H1.raw,H1,Hydrophone,LO_GL_0.18 LPS_N,292460,36.557375,0,0,False,0,-0.623992919921875,0.654022216796875,0.0007465000722588132,0.17777002695448585,0.17777159431629255
REC_0236,LO_GL_0.18 LPS_N_H2.raw,H2,Hydrophone,LO_GL_0.18 LPS_N,292460,36.557375,0,0,False,0,-0.755615234375,0.75421142578125,0.00011623705785887387,0.22953500202573893,0.22953503145709497
REC_0237,LO_GL_0.47 LPS_N_H1.raw,H1,Hydrophone,LO_GL_0.47 LPS_N,292960,36.619875,0,0,False,0,-0.640045166015625,0.633331298828125,0.0008528597429109882,0.17217214887016594,0.17217426118996898
REC_0238,LO_GL_0.47 LPS_N_H2.raw,H2,Hydrophone,LO_GL_0.47 LPS_N,292960,36.619875,0,0,False,0,-0.579010009765625,0.675201416015625,-0.0001407534746704435,0.18987537298023635,0.18987542515008227
REC_0239,LO_GL_ND_NN_H1.raw,H1,Hydrophone,LO_GL_ND_NN,291460,36.432375,0,0,False,0,-0.70220947265625,0.756622314453125,0.0008565988699671481,0.20516145509595085,0.20516324334225142
REC_0240,LO_GL_ND_NN_H2.raw,H2,Hydrophone,LO_GL_ND_NN,291460,36.432375,0,0,False,0,-0.836944580078125,0.844146728515625,-0.00015100421406855788,0.26081882132868,0.26081886504153523
REC_0241,LO_GL_ND_N_H1.raw,H1,Hydrophone,LO_GL_ND_N,291960,36.494875,0,0,False,0,-0.682281494140625,0.757171630859375,0.0008479060726894845,0.1798600719162558,0.1798620705274706
REC_0242,LO_GL_ND_N_H2.raw,H2,Hydrophone,LO_GL_ND_N,291960,36.494875,0,0,False,0,-0.6507568359375,0.67919921875,-0.0001058100543457901,0.20742491643624178,0.2074249434237587
REC_0243,LO_GL_Transient_NN_H1.raw,H1,Hydrophone,LO_GL_Transient_NN,302710,37.838625,0,0,False,608,-1.0,0.999969482421875,0.0007816327929177782,0.18423448310846763,0.1842361411777483
REC_0244,LO_GL_Transient_NN_H2.raw,H2,Hydrophone,LO_GL_Transient_NN,302710,37.838625,0,0,False,1329,-1.0,0.999969482421875,-9.553682531987092e-05,0.2096877675431513,0.2096877893071403
REC_0245,LO_GL_Transient_N_H1.raw,H1,Hydrophone,LO_GL_Transient_N,295960,36.994875,0,0,False,666,-1.0,0.999969482421875,0.0007558162445344704,0.17756055198031276,0.17756216060227714
REC_0246,LO_GL_Transient_N_H2.raw,H2,Hydrophone,LO_GL_Transient_N,295960,36.994875,0,0,False,901,-1.0,0.999969482421875,2.6473349406116957e-05,0.19354902076759867,0.19354902257809148
REC_0247,LO_LC_0.18 LPS_N_H1.raw,H1,Hydrophone,LO_LC_0.18 LPS_N,295710,36.963625,0,0,False,0,-0.797607421875,0.86737060546875,0.0008840755898541857,0.212767069795782,0.21276890651392594
REC_0248,LO_LC_0.18 LPS_N_H2.raw,H2,Hydrophone,LO_LC_0.18 LPS_N,295710,36.963625,0,0,False,696,-1.0,0.999969482421875,-0.00022212196172849877,0.30865095085713057,0.3086510307826246
REC_0249,LO_LC_0.47 LPS_N_H1.raw,H1,Hydrophone,LO_LC_0.47 LPS_N,292460,36.557375,0,0,False,0,-0.654327392578125,0.60382080078125,0.0009116996551745324,0.17414647441024397,0.17414886087993514
REC_0250,LO_LC_0.47 LPS_N_H2.raw,H2,Hydrophone,LO_LC_0.47 LPS_N,292460,36.557375,0,0,False,0,-0.726654052734375,0.7198486328125,-0.00019731065736687282,0.20077813252071736,0.20077822947222695
REC_0251,LO_LC_ND_NN_H1.raw,H1,Hydrophone,LO_LC_ND_NN,287960,35.994875,0,0,False,0,-0.633819580078125,0.628662109375,0.0007142749589786776,0.1660580727641295,0.16605960893261779
REC_0252,LO_LC_ND_NN_H2.raw,H2,Hydrophone,LO_LC_ND_NN,287960,35.994875,0,0,False,0,-0.571746826171875,0.544342041015625,0.0001143716080087078,0.1838313642257592,0.1838313998041914
REC_0253,LO_LC_ND_N_H1.raw,H1,Hydrophone,LO_LC_ND_N,302710,37.838625,0,0,False,0,-0.6837158203125,0.62176513671875,0.0008068367375644181,0.18334213556985343,0.18334391089107813
REC_0254,LO_LC_ND_N_H2.raw,H2,Hydrophone,LO_LC_ND_N,302710,37.838625,0,0,False,0,-0.7183837890625,0.731536865234375,-0.00010500714428490758,0.2220601365441581,0.22206016137189147
REC_0255,LO_LC_Transient_NN_H1.raw,H1,Hydrophone,LO_LC_Transient_NN,290460,36.307375,0,0,False,918,-1.0,0.999969482421875,0.0011071431885522102,0.22662513025737052,0.22662783463248753
REC_0256,LO_LC_Transient_NN_H2.raw,H2,Hydrophone,LO_LC_Transient_NN,290460,36.307375,0,0,False,1519,-1.0,0.999969482421875,-7.257974403075079e-05,0.23149626320362168,0.23149627458138444
REC_0257,LO_LC_Transient_N_H1.raw,H1,Hydrophone,LO_LC_Transient_N,300960,37.619875,0,0,False,13645,-1.0,0.999969482421875,-0.0007870760830965909,0.3557803835605149,0.35578125416501033
REC_0258,LO_LC_Transient_N_H2.raw,H2,Hydrophone,LO_LC_Transient_N,300960,37.619875,0,0,False,10013,-1.0,0.999969482421875,-0.0009521526963326729,0.27086910113492796,0.27087077462214515
REC_0259,LO_NL_0.18 LPS_N_H1.raw,H1,Hydrophone,LO_NL_0.18 LPS_N,289960,36.244875,0,0,False,0,-0.499053955078125,0.51416015625,0.0009012950339931046,0.13351812738860577,0.13352116938560066
REC_0260,LO_NL_0.18 LPS_N_H2.raw,H2,Hydrophone,LO_NL_0.18 LPS_N,289960,36.244875,0,0,False,0,-0.8133544921875,0.809967041015625,-0.000197580268850391,0.2086184809952462,0.20861857455827498
REC_0261,LO_NL_0.47 LPS_N_H1.raw,H1,Hydrophone,LO_NL_0.47 LPS_N,314710,39.338625,0,0,False,0,-0.48291015625,0.50091552734375,0.0009060636072321542,0.13622234899270302,0.13622536223607604
REC_0262,LO_NL_0.47 LPS_N_H2.raw,H2,Hydrophone,LO_NL_0.47 LPS_N,314710,39.338625,0,0,False,10,-0.967010498046875,0.999969482421875,2.6502709556764562e-05,0.2391466622542303,0.23914666372277182
REC_0263,LO_NL_ND_NN_H1.raw,H1,Hydrophone,LO_NL_ND_NN,290460,36.307375,0,0,False,0,-0.66656494140625,0.801177978515625,0.0009413818661966149,0.14104425721205777,0.14104739874353978
REC_0264,LO_NL_ND_NN_H2.raw,H2,Hydrophone,LO_NL_ND_NN,290460,36.307375,0,0,False,200,-1.0,0.999969482421875,-5.73976534190917e-05,0.22462037241765737,0.22462037975112079
REC_0265,LO_NL_ND_N_H1.raw,H1,Hydrophone,LO_NL_ND_N,345960,43.244875,0,0,False,0,-0.337371826171875,0.357177734375,0.0009552567387498284,0.0648129703075964,0.06482000953047062
REC_0266,LO_NL_ND_N_H2.raw,H2,Hydrophone,LO_NL_ND_N,345960,43.244875,0,0,False,0,-0.572509765625,0.5404052734375,-6.679879377199496e-05,0.10523303290342866,0.1052330541043685
REC_0267,LO_NL_Transient_NN_H1.raw,H1,Hydrophone,LO_NL_Transient_NN,285960,35.744875,0,0,False,330,-1.0,0.999969482421875,0.0009355942841792776,0.11952334310896981,0.11952700483409223
REC_0268,LO_NL_Transient_NN_H2.raw,H2,Hydrophone,LO_NL_Transient_NN,285960,35.744875,0,0,False,1837,-1.0,0.999969482421875,-0.00018022211469425356,0.209477902259847,0.2094779797859351
REC_0269,LO_NL_Transient_N_H1.raw,H1,Hydrophone,LO_NL_Transient_N,288710,36.088625,0,0,False,0,-0.639862060546875,0.79931640625,0.0009406439098841614,0.10987193225995705,0.1098759587421279
REC_0270,LO_NL_Transient_N_H2.raw,H2,Hydrophone,LO_NL_Transient_N,288710,36.088625,0,0,False,767,-1.0,0.999969482421875,-0.0001865155604956639,0.17566146775869368,0.1756615667788287
REC_0271,LO_OL_0.18 LPS_N_H1.raw,H1,Hydrophone,LO_OL_0.18 LPS_N,294960,36.869875,0,0,False,0,-0.6820068359375,0.710479736328125,0.0008402798277335274,0.18483221336260316,0.1848341233828531
REC_0272,LO_OL_0.18 LPS_N_H2.raw,H2,Hydrophone,LO_OL_0.18 LPS_N,294960,36.869875,0,0,False,0,-0.55181884765625,0.580047607421875,-0.0001177100524819573,0.18079055897432414,0.18079059729395502
REC_0273,LO_OL_0.47 LPS_N_H1.raw,H1,Hydrophone,LO_OL_0.47 LPS_N,291210,36.401125,0,0,False,0,-0.64080810546875,0.718597412109375,0.000762429307284155,0.17138287418288645,0.1713845700803771
REC_0274,LO_OL_0.47 LPS_N_H2.raw,H2,Hydrophone,LO_OL_0.47 LPS_N,291210,36.401125,0,0,False,0,-0.430694580078125,0.44940185546875,7.2380242236863e-05,0.14098680758811527,0.14098682616751007
REC_0275,LO_OL_ND_NN_H1.raw,H1,Hydrophone,LO_OL_ND_NN,288710,36.088625,0,0,False,0,-0.448822021484375,0.422088623046875,0.0007711282819752086,0.11965354330813749,0.11965602811818381
REC_0276,LO_OL_ND_NN_H2.raw,H2,Hydrophone,LO_OL_ND_NN,288710,36.088625,0,0,False,0,-0.17547607421875,0.17449951171875,-2.15177941316546e-05,0.05252613124432549,0.05252613565180262
REC_0277,LO_OL_ND_N_H1.raw,H1,Hydrophone,LO_OL_ND_N,292210,36.526125,0,0,False,0,-0.514556884765625,0.499420166015625,0.0008232747760667093,0.1194009083514212,0.11940374657648474
REC_0278,LO_OL_ND_N_H2.raw,H2,Hydrophone,LO_OL_ND_N,292210,36.526125,0,0,False,0,-0.1826171875,0.16046142578125,-5.596619498284624e-05,0.05153143443426169,0.05153146482555675
REC_0279,LO_OL_Transient_NN_H1.raw,H1,Hydrophone,LO_OL_Transient_NN,295960,36.994875,0,0,False,679,-1.0,0.999969482421875,0.000950927981848265,0.1680698081639624,0.1680724982865959
REC_0280,LO_OL_Transient_NN_H2.raw,H2,Hydrophone,LO_OL_Transient_NN,295960,36.994875,0,0,False,894,-1.0,0.999969482421875,-0.00028294721702125077,0.139038048272314,0.1390383361756819
REC_0281,LO_OL_Transient_N_H1.raw,H1,Hydrophone,LO_OL_Transient_N,296460,37.057375,0,0,False,901,-1.0,0.999969482421875,0.001229831222290212,0.1649086881521477,0.16491327391358654
REC_0282,LO_OL_Transient_N_H2.raw,H2,Hydrophone,LO_OL_Transient_N,296460,37.057375,0,0,False,1161,-1.0,0.999969482421875,-0.00017660717840966108,0.14166094823887881,0.14166105832596962
